,Postal Code,Neighborhood Group Latitude,Neighborhood Group Longitude,Venue,Venue Latitude,Venue Longitude,Venue Category
0,M4E,43.737473200000004,-79.46476329999999,Toronto Downsview Airport (YZD),43.738882611749744,-79.47011109314882,Airport
1,M4E,43.737473200000004,-79.46476329999999,Chef 47,43.730482902230214,-79.46642184396892,Turkish Restaurant
2,M4E,43.737473200000004,-79.46476329999999,Pupusa Loka,43.730480310428,-79.46684451269826,Latin American Restaurant
3,M4E,43.737473200000004,-79.46476329999999,Forget Me Not Cafe Vietnamese Resto-Bar,43.730491854293696,-79.46652955512842,Vietnamese Restaurant
4,M4E,43.737473200000004,-79.46476329999999,Subway,43.731802598053385,-79.46277272783715,Sandwich Place
5,M4E,43.737473200000004,-79.46476329999999,Tim Hortons,43.731739619176786,-79.46022748947138,Coffee Shop
6,M4E,43.737473200000004,-79.46476329999999,Tim Hortons,43.73889029805241,-79.47224241624076,Coffee Shop
7,M4E,43.737473200000004,-79.46476329999999,Petro-Canada,43.732164,-79.458882,Gas Station
8,M4E,43.737473200000004,-79.46476329999999,Ancaster Park,43.73470570807407,-79.46477740817078,Park
9,M4E,43.737473200000004,-79.46476329999999,Main Cafeteria (Bombardier),43.73793098976079,-79.47114380227413,Food Court
10,M4E,43.737473200000004,-79.46476329999999,Lucky Wok Resturant,43.73163108423754,-79.46406841278076,Chinese Restaurant
11,M4E,43.737473200000004,-79.46476329999999,Coffee time,43.73187370355043,-79.45920313281803,Coffee Shop
12,M4E,43.737473200000004,-79.46476329999999,Kervan Turkish Grill,43.730598408350914,-79.46529895481328,Middle Eastern Restaurant
13,M4E,43.737473200000004,-79.46476329999999,Buzz Buzz Pizza,43.730591086427815,-79.46696345586525,Pizza Place
14,M4K,43.6626956,-79.4000493,Yasu,43.66283719650635,-79.40321739973975,Japanese Restaurant
15,M4K,43.6626956,-79.4000493,Rasa,43.662756751275445,-79.40398803188654,Restaurant
16,M4K,43.6626956,-79.4000493,The Dessert Kitchen,43.66282317865166,-79.40274569154498,Dessert Shop
17,M4K,43.6626956,-79.4000493,Her Father's Cider Bar + Kitchen,43.66244824890102,-79.40470324675829,Beer Bar
18,M4K,43.6626956,-79.4000493,Piano Piano,43.66294872979362,-79.40289804116937,Italian Restaurant
19,M4K,43.6626956,-79.4000493,Almond Butterfly,43.66283554072087,-79.40336494731255,Bakery
20,M4K,43.6626956,-79.4000493,Harbord House,43.66246595195944,-79.40541041671369,Bar
21,M4K,43.6626956,-79.4000493,Sivananda Yoga Centre,43.6627536,-79.4029508,Yoga Studio
22,M4K,43.6626956,-79.4000493,Akai Sushi,43.66246971191281,-79.40494572728848,Sushi Restaurant
23,M4K,43.6626956,-79.4000493,Bakka Phoenix Books,43.662958633796144,-79.40260149079198,Bookstore
24,M4K,43.6626956,-79.4000493,Harbord Bakery & Calandria,43.662519096022976,-79.40444270567404,Bakery
25,M4K,43.6626956,-79.4000493,Fresh on Bloor,43.66675488472059,-79.40349130034014,Vegetarian / Vegan Restaurant
26,M4K,43.6626956,-79.4000493,Cafe Cancan,43.662735486588865,-79.40344738555669,French Restaurant
27,M4K,43.6626956,-79.4000493,Athletic Centre,43.66248699305214,-79.40065676565847,College Gym
28,M4K,43.6626956,-79.4000493,Philosopher's Walk,43.666893747498605,-79.39559698104858,Park
29,M4K,43.6626956,-79.4000493,Innis Cafe,43.665401003815745,-79.39971478706231,Café
30,M4K,43.6626956,-79.4000493,Carmen's City Market,43.65764732156707,-79.40162631000557,Supermarket
31,M4K,43.6626956,-79.4000493,The Planet Traveler,43.657202,-79.403568,Hostel
32,M4K,43.6626956,-79.4000493,Gyubee,43.66708824997601,-79.4005710246546,Japanese Restaurant
33,M4K,43.6626956,-79.4000493,McCafé,43.6579428,-79.398993,Café
34,M4K,43.6626956,-79.4000493,Koerner Hall,43.667983280307865,-79.3959619437764,Concert Hall
35,M4K,43.6626956,-79.4000493,Queen's Park,43.66394609897775,-79.39217952520835,Park
36,M4K,43.6626956,-79.4000493,Kimpton St. George,43.667367535338556,-79.40062654120706,Hotel
37,M4K,43.6626956,-79.4000493,Royal Conservatory of Music,43.66822758218325,-79.39631143267306,Music School
38,M4K,43.6626956,-79.4000493,BMV Books,43.66586,-79.406824,Bookstore
39,M4K,43.6626956,-79.4000493,Coach House Printing,43.66631964001284,-79.40027745050322,Bookstore
40,M4K,43.6626956,-79.4000493,The Clubhouse,43.6582455666801,-79.39989387989043,Sandwich Place
41,M4K,43.6626956,-79.4000493,Grasshopper,43.65757329774803,-79.40215928821414,Vegetarian / Vegan Restaurant
42,M4K,43.6626956,-79.4000493,COBS Bread,43.66622171718618,-79.40606647691668,Bakery
43,M4K,43.6626956,-79.4000493,Real Thailand Restaurant,43.66655676709821,-79.40465745192407,Thai Restaurant
44,M4K,43.6626956,-79.4000493,Hart House Theatre,43.66357134217992,-79.3946163990837,Theater
45,M4K,43.6626956,-79.4000493,Royal Ontario Museum,43.668367065616046,-79.3948129405877,Museum
46,M4K,43.6626956,-79.4000493,Fuwa Fuwa Japanese Pancakes,43.66587984725407,-79.40783968911445,Pastry Shop
47,M4K,43.6626956,-79.4000493,ROM Museum Store,43.66851433563614,-79.39487921364,Gift Shop
48,M4K,43.6626956,-79.4000493,Voodoo Child,43.65695821626081,-79.40546029795985,Café
49,M4K,43.6626956,-79.4000493,A & C World,43.65740880302916,-79.39984655786655,Gaming Cafe
50,M4K,43.6626956,-79.4000493,Crêpes à GoGo,43.666609329440774,-79.4040605788033,Creperie
51,M4K,43.6626956,-79.4000493,Otto's Berlin Döner,43.65638733696026,-79.40278822246442,Doner Restaurant
52,M4K,43.6626956,-79.4000493,Famoso Neapolitan Pizzeria,43.66619627664693,-79.40656418036734,Pizza Place
53,M4K,43.6626956,-79.4000493,Café Pamenar,43.65667776586101,-79.402821713777,Café
54,M4K,43.6626956,-79.4000493,L'Espresso Bar Mercurio,43.667607786430985,-79.39920107639665,Café
55,M4K,43.6626956,-79.4000493,Bulk Barn,43.66570828665725,-79.40832293053349,Grocery Store
56,M4K,43.6626956,-79.4000493,Free Times Cafe,43.657662,-79.402368,Music Venue
57,M4K,43.6626956,-79.4000493,The Original Gyro Grill,43.66662059602154,-79.40554379665828,Greek Restaurant
58,M4K,43.6626956,-79.4000493,Little Island Comics,43.6574262460595,-79.40249562263489,Comic Shop
59,M4K,43.6626956,-79.4000493,Crimson Teas 堅信良茶,43.656953,-79.399449,Tea Room
60,M4K,43.6626956,-79.4000493,Bampot,43.661516901580214,-79.4090529984477,Café
61,M4K,43.6626956,-79.4000493,Harvest Kitchen,43.662713770749434,-79.40433001263669,Restaurant
62,M4K,43.6626956,-79.4000493,Eva's Original Chimneys,43.665608421839806,-79.4090342859261,Ice Cream Shop
63,M4K,43.6626956,-79.4000493,Fresca Pizza & Pasta,43.65767178765488,-79.40192098444325,Pizza Place
64,M4K,43.6626956,-79.4000493,One Zo Tapioca,43.65660806239219,-79.39942623739408,Bubble Tea Shop
65,M4K,43.6626956,-79.4000493,Museum Tavern,43.668389856295185,-79.3957298399421,Restaurant
66,M4K,43.6626956,-79.4000493,B Espresso Bar,43.668143372259195,-79.39608691203554,Coffee Shop
67,M4K,43.6626956,-79.4000493,Hopper Coffee,43.65747902025938,-79.40269107981976,Coffee Shop
68,M4K,43.6626956,-79.4000493,Country Style Hungarian Restaurant,43.66562095917719,-79.40897737643422,Eastern European Restaurant
69,M4K,43.6626956,-79.4000493,Trinity Common,43.65658951604609,-79.4027605130573,Bar
70,M4K,43.6626956,-79.4000493,El Trompo,43.6558316709016,-79.40256072891863,Mexican Restaurant
71,M4K,43.6626956,-79.4000493,The Cloak and Dagger,43.65693093368426,-79.40566290389248,Pub
72,M4K,43.6626956,-79.4000493,Crafty Coyote,43.66559307383268,-79.40862274504491,Beer Bar
73,M4K,43.6626956,-79.4000493,DAVIDsTEA,43.66593962279674,-79.40830273958397,Tea Room
74,M4K,43.6626956,-79.4000493,Big Fat Burrito,43.65607191076809,-79.40258445136877,Burrito Place
75,M4K,43.6626956,-79.4000493,Wanda's Pie in the Sky,43.656162824734984,-79.40263037274666,Bakery
76,M4K,43.6626956,-79.4000493,Urban Herbivore,43.65619336278354,-79.40267323355785,Vegetarian / Vegan Restaurant
77,M4K,43.6626956,-79.4000493,Gwartzman's Art Supplies,43.657299751776655,-79.39984590886463,Arts & Crafts Store
78,M4K,43.6626956,-79.4000493,Pizza Gigi,43.661848,-79.408287,Pizza Place
79,M4K,43.6626956,-79.4000493,Kensington Brewing Company,43.65654075339515,-79.40268640008452,Brewery
80,M4K,43.6626956,-79.4000493,Mother's Dumplings,43.65710501801941,-79.39955196237875,Dumpling Restaurant
81,M4K,43.6626956,-79.4000493,Fancy Franks,43.6574804927611,-79.40273257272881,Hot Dog Joint
82,M4K,43.6626956,-79.4000493,The Bata Shoe Museum,43.66741594155602,-79.39996212207879,Museum
83,M4K,43.6626956,-79.4000493,Thai Country Kitchen,43.65615859831661,-79.39942261134613,Thai Restaurant
84,M4K,43.6626956,-79.4000493,Prenup Pub,43.658882366438164,-79.39482802742828,Gastropub
85,M4K,43.6626956,-79.4000493,She Said Boom!,43.657137075879916,-79.40472596142499,Record Shop
86,M4K,43.6626956,-79.4000493,Livelihood Cafe,43.655820905845346,-79.40262894753235,Café
87,M4K,43.6626956,-79.4000493,Starbucks,43.668615,-79.397387,Coffee Shop
88,M4K,43.6626956,-79.4000493,Booster Juice,43.658016,-79.3993,Juice Bar
89,M4K,43.6626956,-79.4000493,Bar Mercurio,43.667428494632084,-79.40032974323994,Restaurant
90,M4K,43.6626956,-79.4000493,Isabel Bader Theatre,43.66732927030892,-79.39260350506324,College Theater
91,M4K,43.6626956,-79.4000493,Anh Dao,43.6562166496578,-79.39926507682435,Vietnamese Restaurant
92,M4K,43.6626956,-79.4000493,Innis Town Hall,43.66541957367295,-79.39954635185894,College Arts Building
93,M4K,43.6626956,-79.4000493,Creatron Inc.,43.657265,-79.40336,Electronics Store
94,M4K,43.6626956,-79.4000493,The Beguiling Market,43.657519808769194,-79.40212180674555,Comic Shop
95,M4K,43.6626956,-79.4000493,Remenyi House of Music,43.66831120943481,-79.39584578950773,Music Store
96,M4K,43.6626956,-79.4000493,Curbside Cycle,43.665820270961284,-79.4079782001808,Bike Shop
97,M4K,43.6626956,-79.4000493,Victory Cafe,43.665766643491544,-79.40866170911863,Bar
98,M4K,43.6626956,-79.4000493,Krispy Kreme,43.65583357917441,-79.3994168504878,Donut Shop
99,M4K,43.6626956,-79.4000493,Royal Ontario Museum - ROM Governors,43.66822609094647,-79.39380136609779,Office
100,M4K,43.6626956,-79.4000493,Fieramosca Cafe,43.66938550228104,-79.39731589843764,Italian Restaurant
101,M4K,43.6626956,-79.4000493,Chatime,43.667338321102626,-79.4006839362167,Bubble Tea Shop
102,M4K,43.6626956,-79.4000493,The Hogtown Vegan,43.657007,-79.405302,Vegetarian / Vegan Restaurant
103,M4K,43.6626956,-79.4000493,Gardiner Museum,43.66800862048502,-79.39333429209415,Art Museum
104,M4K,43.6626956,-79.4000493,Red Fish Blue Fish Creative Cafe,43.662826909852434,-79.40281748771667,Café
105,M4K,43.6626956,-79.4000493,Fat Bastard Burrito,43.65889963097279,-79.39452966832613,Burrito Place
106,M4K,43.6626956,-79.4000493,Second Cup,43.66355135916493,-79.40178748741704,Café
107,M4K,43.6626956,-79.4000493,Second Cup Coffee Co.,43.66535,-79.398376,Café
108,M4K,43.6626956,-79.4000493,Tim Hortons,43.66817621882997,-79.39768776297564,Coffee Shop
109,M4K,43.6626956,-79.4000493,College Backpackers,43.65683749268775,-79.40320279537319,Bed & Breakfast
110,M4K,43.6626956,-79.4000493,The Runners' Shop,43.66892420432032,-79.39507624904259,Sporting Goods Shop
111,M4K,43.6626956,-79.4000493,Duke of York,43.669186229413306,-79.39752653692135,Pub
112,M4K,43.6626956,-79.4000493,Canada Computers,43.65782957845768,-79.400988084756,Electronics Store
113,M4K,43.6626956,-79.4000493,Daddyo's,43.66462215321565,-79.40268488417684,Italian Restaurant
114,M4L,43.669542,-79.4225637,Fiesta Farms,43.66847077052224,-79.42048512748114,Grocery Store
115,M4L,43.669542,-79.4225637,Contra Cafe,43.669107144072974,-79.42610471852032,Café
116,M4L,43.669542,-79.4225637,Vinny’s Panini,43.67067884412717,-79.42614819830024,Italian Restaurant
117,M4L,43.669542,-79.4225637,Starbucks,43.67153,-79.4214,Coffee Shop
118,M4L,43.669542,-79.4225637,Christie Pits Park,43.664177378861446,-79.42046642303467,Park
119,M4L,43.669542,-79.4225637,Scout and Cash Caffe,43.66735987720157,-79.41993774586636,Café
120,M4L,43.669542,-79.4225637,Banjara Indian Cuisine,43.66291638533112,-79.4219109810459,Indian Restaurant
121,M4L,43.669542,-79.4225637,Faema Caffe,43.6710456734398,-79.41929697990417,Café
122,M4L,43.669542,-79.4225637,Northwood,43.66271484597051,-79.42216370424943,Cocktail Bar
123,M4L,43.669542,-79.4225637,The Good Neighbour,43.66398338946789,-79.41664049314092,Coffee Shop
124,M4L,43.669542,-79.4225637,Buk Chang Dong Soon Tofu,43.663841985166,-79.41709282188468,Korean Restaurant
125,M4L,43.669542,-79.4225637,Universal Grill,43.670549820711926,-79.42654054306477,Diner
126,M4L,43.669542,-79.4225637,A Nerd's World,43.670040130615234,-79.41326141357422,Design Studio
127,M4L,43.669542,-79.4225637,Tallboys Craft Beer House,43.6624565951561,-79.42370936505348,Pub
128,M4L,43.669542,-79.4225637,Coffee Pocket,43.66394931021736,-79.41696001820671,Coffee Shop
129,M4L,43.669542,-79.4225637,Vermont Square Park,43.67049272376341,-79.41539937385534,Playground
130,M4L,43.669542,-79.4225637,Actinolite,43.66785822046965,-79.42805427320322,Restaurant
131,M4L,43.669542,-79.4225637,Tacos El Asador,43.663751,-79.416954,Taco Place
132,M4L,43.669542,-79.4225637,Karma Co-operative,43.66818455762173,-79.41450362458382,Grocery Store
133,M4L,43.669542,-79.4225637,Apiecalypse Now! Vegan Pizza & Snack Bar,43.66339931062738,-79.41865056753159,Pizza Place
134,M4L,43.669542,-79.4225637,Rapido,43.67289531055692,-79.41410783253588,Tea Room
135,M4L,43.669542,-79.4225637,Napoli Centrale,43.669391,-79.413028,Pizza Place
136,M4L,43.669542,-79.4225637,P.A.T. Central Market 한국식품,43.66395515985428,-79.41633962211277,Grocery Store
137,M4L,43.669542,-79.4225637,Madras Masala,43.66295850876209,-79.42164609753584,Indian Restaurant
138,M4L,43.669542,-79.4225637,Tofu Village 두부마을 豆腐村,43.663942814604496,-79.4166519368674,Korean Restaurant
139,M4L,43.669542,-79.4225637,Gordo Ex,43.67176256470684,-79.41384504378924,Latin American Restaurant
140,M4L,43.669542,-79.4225637,Mulberry Bar,43.662549017307576,-79.423344388081,Cocktail Bar
141,M4L,43.669542,-79.4225637,Pero Restaurant,43.66269851655211,-79.42267113286805,Ethiopian Restaurant
142,M4L,43.669542,-79.4225637,Hillcrest Park,43.67601214114849,-79.42478680222756,Park
143,M4L,43.669542,-79.4225637,Basecamp Climbing,43.66397387263951,-79.41646905839723,Rock Climbing Spot
144,M4L,43.669542,-79.4225637,Loblaws,43.671657,-79.421364,Grocery Store
145,M4L,43.669542,-79.4225637,El Pocho,43.669589,-79.413423,Mexican Restaurant
146,M4L,43.669542,-79.4225637,Korea House,43.66408075219111,-79.41618113006092,Korean Restaurant
147,M4L,43.669542,-79.4225637,Stubbe Chocolates,43.67156577026589,-79.42128899001831,Candy Store
148,M4L,43.669542,-79.4225637,Vive Fitness 24-7,43.672644741702314,-79.41603474490128,Gym
149,M4L,43.669542,-79.4225637,Bloor Fruit Market,43.664209763125186,-79.4160101420053,Grocery Store
150,M4L,43.669542,-79.4225637,Paldo Gangsan 팔도강산,43.66381881598114,-79.41742911751739,Korean Restaurant
151,M4L,43.669542,-79.4225637,The Grapefruit Moon,43.66966012931134,-79.41304823040744,Diner
152,M4L,43.669542,-79.4225637,Rakia Bar,43.664658,-79.415322,Eastern European Restaurant
153,M4L,43.669542,-79.4225637,Freezone Karaoke,43.663595781130006,-79.41815191654537,Karaoke Bar
154,M4L,43.669542,-79.4225637,Canvas Gallery,43.66979624556288,-79.43213939666748,Art Gallery
155,M4L,43.669542,-79.4225637,KINTORI YAKITORI,43.664145,-79.4163563,Japanese Restaurant
156,M4L,43.669542,-79.4225637,Annapurna Vegetarian Restaurant,43.67280358595294,-79.41408716361897,Vegetarian / Vegan Restaurant
157,M4L,43.669542,-79.4225637,Lim Ga Ne Korean Restaurant 임가네,43.66394504978582,-79.41688239269187,Korean Restaurant
158,M4L,43.669542,-79.4225637,KINTON RAMEN,43.66405024207387,-79.41626381334144,Ramen Restaurant
159,M4L,43.669542,-79.4225637,Hub Coffee Shop,43.66693153385268,-79.4315096260646,Coffee Shop
160,M4L,43.669542,-79.4225637,Mayday Malone's,43.672620088589724,-79.41413713615573,Sports Bar
161,M4L,43.669542,-79.4225637,Baskin-Robbins,43.6636942404216,-79.4183474779129,Ice Cream Shop
162,M4L,43.669542,-79.4225637,Japanhako,43.663811,-79.417655,Japanese Restaurant
163,M4L,43.669542,-79.4225637,Jangwon 장원,43.66377096454114,-79.41771291322172,Korean Restaurant
164,M4L,43.669542,-79.4225637,Vesta Lunch,43.67323314493058,-79.41427023061763,Burger Joint
165,M4L,43.669542,-79.4225637,Sobeys Dupont,43.670977,-79.427573,Grocery Store
166,M4L,43.669542,-79.4225637,Tim Hortons,43.673493041024884,-79.41482037305832,Coffee Shop
167,M4L,43.669542,-79.4225637,Subway,43.66339478263773,-79.41853365539214,Sandwich Place
168,M4L,43.669542,-79.4225637,Pour Boy,43.66430240477133,-79.4160915098421,Pub
169,M4L,43.669542,-79.4225637,KOS,43.67224830987978,-79.41420396502167,Diner
170,M4L,43.669542,-79.4225637,The Beer Store,43.6733293,-79.4159156,Beer Store
171,M4L,43.669542,-79.4225637,Foto Grocery,43.66797858931121,-79.42821689567089,Grocery Store
172,M4L,43.669542,-79.4225637,Hawaii,43.66709967597604,-79.43146329130978,Bar
173,M4L,43.669542,-79.4225637,G.H. Johnson's,43.669943707992374,-79.4316616005886,Furniture / Home Store
174,M4L,43.669542,-79.4225637,Stevens grocery,43.670221,-79.413181,Grocery Store
175,M4L,43.669542,-79.4225637,The Tiffin Box,43.669172,-79.412796,Indian Restaurant
176,M4L,43.669542,-79.4225637,Done Xing Market,43.67391608291066,-79.43037697646221,Convenience Store
177,M4L,43.669542,-79.4225637,Little Sito,43.66241,-79.42387,Middle Eastern Restaurant
178,M4M,43.6515706,-79.4844499,The Good Fork,43.64956534036813,-79.48402270694602,Food
179,M4M,43.6515706,-79.4844499,Coffee Tree Roastery,43.64964735112305,-79.48343639040918,Café
180,M4M,43.6515706,-79.4844499,The One That Got Away,43.64984188412754,-79.48261453424496,Fish & Chips Shop
181,M4M,43.6515706,-79.4844499,Bryden's Pub,43.64925890136825,-79.4846509607823,Pub
182,M4M,43.6515706,-79.4844499,Campo,43.655191,-79.487067,Italian Restaurant
183,M4M,43.6515706,-79.4844499,Wibke's Espresso Bar,43.64913158497341,-79.48480237071465,Coffee Shop
184,M4M,43.6515706,-79.4844499,DAVIDsTEA,43.650380014739355,-79.47881908403849,Tea Room
185,M4M,43.6515706,-79.4844499,Baka Gallery Cafe,43.65103966439781,-79.47760530158712,Café
186,M4M,43.6515706,-79.4844499,Fat Bastard Burrito,43.6497791550768,-79.48289414342419,Burrito Place
187,M4M,43.6515706,-79.4844499,Book City (Bloor West),43.65021080519715,-79.48122019699115,Bookstore
188,M4M,43.6515706,-79.4844499,Bread & Roses Bakery Cafe,43.651194318292276,-79.47665677628656,Bakery
189,M4M,43.6515706,-79.4844499,Asa Sushi,43.64990164450559,-79.4846109228881,Sushi Restaurant
190,M4M,43.6515706,-79.4844499,Zaza Espresso Bar & Gelato,43.65110626640462,-79.4777101044724,Café
191,M4M,43.6515706,-79.4844499,Queen's Pasta Café,43.65070658803776,-79.47797787214411,Italian Restaurant
192,M4M,43.6515706,-79.4844499,Goodfellas Wood Oven Pizza,43.648224,-79.486356,Italian Restaurant
193,M4M,43.6515706,-79.4844499,Booster Juice,43.64980188,-79.4836826,Juice Bar
194,M4M,43.6515706,-79.4844499,Falafel World,43.649800784968164,-79.48272777159343,Falafel Restaurant
195,M4M,43.6515706,-79.4844499,New Balance,43.65095377580209,-79.4773976977124,Shoe Store
196,M4M,43.6515706,-79.4844499,Yumi Sushi,43.64989127391365,-79.4824044490675,Sushi Restaurant
197,M4M,43.6515706,-79.4844499,Amber European Restaurant,43.64994563414707,-79.48200902277628,French Restaurant
198,M4M,43.6515706,-79.4844499,Max's Market,43.65052462233729,-79.47914453187883,Gourmet Shop
199,M4M,43.6515706,-79.4844499,Starbucks,43.651395,-79.47599,Coffee Shop
200,M4M,43.6515706,-79.4844499,Bloom Restaurant,43.65030692996379,-79.4798355748952,Latin American Restaurant
201,M4M,43.6515706,-79.4844499,Shakey's Original Bar & Grill,43.6507708866875,-79.47758071386558,Gastropub
202,M4M,43.6515706,-79.4844499,Simply Thai,43.65078180371,-79.47760089101641,Thai Restaurant
203,M4M,43.6515706,-79.4844499,Yogurty's,43.651228146043934,-79.4755243018108,Frozen Yogurt Shop
204,M4M,43.6515706,-79.4844499,Queen Margherita,43.65822425389276,-79.48803424201802,Pizza Place
205,M4M,43.6515706,-79.4844499,Old Mill Toronto,43.651011078509626,-79.49322209020357,American Restaurant
206,M4M,43.6515706,-79.4844499,Bloor & Kennedy Flower Shop,43.65142711461149,-79.47529492449927,Flower Shop
207,M4M,43.6515706,-79.4844499,COBS Bread,43.651347693482606,-79.4756394651729,Bakery
208,M4M,43.6515706,-79.4844499,RBC Royal Bank,43.65014198969323,-79.48027377570449,Bank
209,M4M,43.6515706,-79.4844499,Hot Oven Bakery,43.651155311711776,-79.47656563536279,Bakery
210,M4M,43.6515706,-79.4844499,Étienne Brulé Park,43.65281386452948,-79.49217796325684,Park
211,M4M,43.6515706,-79.4844499,Ali Baba's,43.65100956228928,-79.4771792559058,Falafel Restaurant
212,M4M,43.6515706,-79.4844499,Awai,43.65041203760419,-79.47847723960876,Vegetarian / Vegan Restaurant
213,M4M,43.6515706,-79.4844499,Bukhara indian cuisine,43.65110529992475,-79.47710362509072,Indian Restaurant
214,M4M,43.6515706,-79.4844499,Lit Cafe + Bar,43.651378942423236,-79.47538026986466,Coffee Shop
215,M4M,43.6515706,-79.4844499,Subway,43.649622374302474,-79.48402761012142,Sandwich Place
216,M4M,43.6515706,-79.4844499,The Works Gourmet Burger Bistro,43.650735,-79.47744,Restaurant
217,M4M,43.6515706,-79.4844499,Humber Cinema,43.64911832002547,-79.48481789910943,Indie Movie Theater
218,M4M,43.6515706,-79.4844499,Java Joe's,43.650424,-79.479755,Café
219,M4M,43.6515706,-79.4844499,A Dark Horse,43.64953295859084,-79.4830557372747,Bar
220,M4M,43.6515706,-79.4844499,Heart,43.650310315403544,-79.48012458547709,Dessert Shop
221,M4M,43.6515706,-79.4844499,Bloor-Jane Restaurant,43.64951305181438,-79.48407033610728,Diner
222,M4M,43.6515706,-79.4844499,Tim Hortons,43.648525791237965,-79.48506608605385,Coffee Shop
223,M4M,43.6515706,-79.4844499,Henry VIII Ale House,43.64902448298273,-79.48492800936774,Gastropub
224,M4M,43.6515706,-79.4844499,Second Cup,43.650136727534054,-79.48079476951547,Café
225,M4M,43.6515706,-79.4844499,TD Canada Trust,43.651284593586276,-79.47659432888031,Bank
226,M4M,43.6515706,-79.4844499,Timothy's World Coffee,43.651525223699124,-79.47495742997707,Coffee Shop
227,M4M,43.6515706,-79.4844499,Woody's Burgers Bar and Grill,43.657862,-79.487644,Burger Joint
228,M4M,43.6515706,-79.4844499,Souvlaki Hut,43.65154441668675,-79.47453931478424,Greek Restaurant
229,M4M,43.6515706,-79.4844499,Tim Hortons,43.65811047637139,-79.48817633158475,Coffee Shop
230,M4M,43.6515706,-79.4844499,Pizza Pizza,43.650891010950225,-79.47713449187698,Pizza Place
231,M4M,43.6515706,-79.4844499,Swan & Firkin,43.651217856234474,-79.47580613516895,Pub
232,M4M,43.6515706,-79.4844499,York Old Mill Tennis Club,43.64944959572766,-79.48497810712321,Tennis Court
233,M4M,43.6515706,-79.4844499,Pizza Pizza,43.64931132140717,-79.48455987958097,Pizza Place
234,M4M,43.6515706,-79.4844499,Classico,43.649194,-79.484699,Pizza Place
235,M4M,43.6515706,-79.4844499,Supper Solved,43.64878101033567,-79.48523252831198,Restaurant
236,M4M,43.6515706,-79.4844499,The Coffee Bouquets,43.648785,-79.48594,Coffee Shop
237,M4M,43.6515706,-79.4844499,Shoppers Drug Mart,43.651105,-79.476428,Pharmacy
238,M4M,43.6515706,-79.4844499,My Place - a Canadian Pub,43.64845840072295,-79.48518749174133,Pub
239,M4M,43.6515706,-79.4844499,El Arriero Restaurante,43.655843,-79.487184,Latin American Restaurant
240,M4M,43.6515706,-79.4844499,Swansea School of Dance,43.64807706026409,-79.47900494041677,Dance Studio
241,M4M,43.6515706,-79.4844499,Retrofit Pilates,43.647948823562515,-79.47905374028939,Pilates Studio
242,M4M,43.6515706,-79.4844499,The Humber River,43.64776269048655,-79.49024625771679,River
243,M4M,43.6515706,-79.4844499,The Spa at The Old Mill,43.650823685687385,-79.49319046516692,Spa
244,M4M,43.6515706,-79.4844499,King's Mill Park,43.64933168026134,-79.49282800688802,Park
245,M4N,43.6678556,-79.53224240000002,Java Joe's Village Cafe,43.662460906352436,-79.53205381416235,Café
246,M4N,43.6678556,-79.53224240000002,TD Canada Trust,43.6625453,-79.5317488,Bank
247,M4N,43.6678556,-79.53224240000002,Shoppers Drug Mart,43.663067,-79.531753,Pharmacy
248,M4N,43.6678556,-79.53224240000002,Thorncrest Drug Store,43.66298764333833,-79.53181698355863,Pharmacy
249,M4N,43.6678556,-79.53224240000002,Foodland - Toronto,43.662724,-79.531984,Grocery Store
250,M4N,43.6678556,-79.53224240000002,Thorncrest Plaza,43.66261966170492,-79.53214635053152,Shopping Mall
251,M4N,43.6678556,-79.53224240000002,Princess Margaret Park,43.66783531448512,-79.53993418272015,Playground
252,M4N,43.6678556,-79.53224240000002,Humber Valley Park,43.66482484362267,-79.52499882000663,Park
253,M4N,43.6678556,-79.53224240000002,Humber Valley Rink,43.66482600084906,-79.5248725529118,Skating Rink
254,M4P,43.706748299999994,-79.5940544,Economy Rent A Car,43.708471,-79.589943,Rental Car Location
255,M4P,43.706748299999994,-79.5940544,227 Lounge,43.70318408363355,-79.5881927322645,Lounge
256,M5A,43.773136,-79.23947609999999,Federick Restaurant,43.77469659057996,-79.24114242818267,Hakka Restaurant
257,M5A,43.773136,-79.23947609999999,CANBE Foods Inc,43.77354633117736,-79.24608237285928,Indian Restaurant
258,M5A,43.773136,-79.23947609999999,Drupati's Roti & Doubles,43.775222138791534,-79.24167761001029,Caribbean Restaurant
259,M5A,43.773136,-79.23947609999999,The Real McCoy Burgers And Pizza,43.77408136872742,-79.23049585681272,Burger Joint
260,M5A,43.773136,-79.23947609999999,Tim Hortons,43.77599190613985,-79.23213511705399,Coffee Shop
261,M5A,43.773136,-79.23947609999999,La Sani Grill,43.776214262045,-79.23484801455352,Indian Restaurant
262,M5A,43.773136,-79.23947609999999,Hakka Legend,43.77630936532644,-79.23493865172834,Chinese Restaurant
263,M5A,43.773136,-79.23947609999999,Thai One On,43.77446763641413,-79.24126833717742,Thai Restaurant
264,M5A,43.773136,-79.23947609999999,Centennial Recreation Centre,43.77459330890341,-79.23649962433035,Athletics & Sports
265,M5A,43.773136,-79.23947609999999,Long & McQuade Musical Instruments,43.77584545181953,-79.23062611495311,Music Store
266,M5A,43.773136,-79.23947609999999,TD Canada Trust,43.7748302,-79.2412514,Bank
267,M5A,43.773136,-79.23947609999999,Petro-Canada,43.774106,-79.243097,Gas Station
268,M5A,43.773136,-79.23947609999999,B&A Bakery,43.77439074389114,-79.24387684648542,Bakery
269,M5A,43.773136,-79.23947609999999,Popeyes Louisiana Kitchen,43.7759298356196,-79.23532833470263,Fried Chicken Joint
270,M5A,43.773136,-79.23947609999999,Mitra Hot Yoga,43.77681225646793,-79.24707354680693,Yoga Studio
271,M5A,43.773136,-79.23947609999999,Coffee Culture Cafe & Eatery,43.77627788363806,-79.23402640869378,Coffee Shop
272,M5A,43.773136,-79.23947609999999,Sheridan Nurseries,43.77392536922707,-79.24562626511573,Flower Shop
273,M5A,43.773136,-79.23947609999999,So into Cupcakes,43.776258432832655,-79.2341315838387,Bakery
274,M5A,43.773136,-79.23947609999999,Edge Signs,43.7788963,-79.2418019,Board Shop
275,M5A,43.773136,-79.23947609999999,Crossfit Canuck,43.77719253647079,-79.24577506089221,Gym / Fitness Center
276,M5A,43.773136,-79.23947609999999,Rexall PharmaPlus,43.775312840758716,-79.23101999810382,Pharmacy
277,M5A,43.773136,-79.23947609999999,Mac's Convenience Store,43.7739485,-79.2302715,Convenience Store
278,M5B,43.7816375,-79.3043021,Remezzo Italian Bistro,43.778649,-79.308264,Italian Restaurant
279,M5B,43.7816375,-79.3043021,The Royal Chinese Restaurant 避風塘小炒,43.78050473445372,-79.29884391314476,Chinese Restaurant
280,M5B,43.7816375,-79.3043021,Eight Noodles,43.77823412485005,-79.30829897588661,Noodle House
281,M5B,43.7816375,-79.3043021,Kub Khao,43.780437780734204,-79.2998370364667,Thai Restaurant
282,M5B,43.7816375,-79.3043021,Shoppers Drug Mart,43.785077,-79.310585,Pharmacy
283,M5B,43.7816375,-79.3043021,Red Lobster,43.778415,-79.311773,Seafood Restaurant
284,M5B,43.7816375,-79.3043021,TD Canada Trust,43.7791686,-79.3036167,Bank
285,M5B,43.7816375,-79.3043021,Petro-Canada,43.779337,-79.307682,Gas Station
286,M5B,43.7816375,-79.3043021,Subway,43.777982578287315,-79.30876400805948,Sandwich Place
287,M5B,43.7816375,-79.3043021,Popeyes Louisiana Kitchen,43.780476,-79.29846,Fried Chicken Joint
288,M5B,43.7816375,-79.3043021,KFC,43.7804,-79.3007,Fast Food Restaurant
289,M5B,43.7816375,-79.3043021,Little Caesars Pizza,43.78056271894292,-79.2986242771319,Pizza Place
290,M5B,43.7816375,-79.3043021,Eaton Centre USA,43.78357217787199,-79.30491567549906,Shopping Mall
291,M5B,43.7816375,-79.3043021,Enterprise Rent-A-Car,43.77950644323062,-79.30680559697629,Rental Car Location
292,M5B,43.7816375,-79.3043021,Warden Ave. & Sheppard Ave. E,43.77850036394506,-79.30767709893647,Intersection
293,M5B,43.7816375,-79.3043021,Gusto Pizza,43.78360724036883,-79.29898327417831,Pizza Place
294,M5B,43.7816375,-79.3043021,Rexall,43.78073190083844,-79.2982568317862,Pharmacy
295,M5B,43.7816375,-79.3043021,Tim Hortons,43.781539295931665,-79.29890736937523,Coffee Shop
296,M5B,43.7816375,-79.3043021,Tim Hortons,43.78526986575023,-79.30998623371119,Coffee Shop
297,M5B,43.7816375,-79.3043021,Warden Mart Dollar & Smoke Shop,43.784852492939144,-79.31041849358408,Convenience Store
298,M5B,43.7816375,-79.3043021,Warden Ave & Huntingwood Dr,43.78678148296599,-79.30840407651415,Intersection
299,M5B,43.7816375,-79.3043021,Warden Sheppard Plaza,43.77614911920602,-79.30772907784961,Shopping Mall
300,M5B,43.7816375,-79.3043021,Tam O'Shanter Golf Course,43.78692872451217,-79.29941253293568,Golf Course
301,M5C,43.7701199,-79.40849279999999,Konjiki Ramen,43.76699771023422,-79.41222209328754,Ramen Restaurant
302,M5C,43.7701199,-79.40849279999999,Loblaws,43.768722,-79.412101,Grocery Store
303,M5C,43.7701199,-79.40849279999999,The Keg,43.7665789176648,-79.41213141222555,Steakhouse
304,M5C,43.7701199,-79.40849279999999,Maryam Hotel,43.766961,-79.401199,Hotel
305,M5C,43.7701199,-79.40849279999999,The Captain's Boil,43.773255217045026,-79.41380541792645,Seafood Restaurant
306,M5C,43.7701199,-79.40849279999999,Starbucks,43.768353,-79.413046,Coffee Shop
307,M5C,43.7701199,-79.40849279999999,Aroma Espresso Bar,43.76944882099181,-79.41308107735675,Café
308,M5C,43.7701199,-79.40849279999999,Cineplex Cinemas,43.76862539839479,-79.41261307104753,Movie Theater
309,M5C,43.7701199,-79.40849279999999,Satay Sate,43.76669,-79.4121,Indonesian Restaurant
310,M5C,43.7701199,-79.40849279999999,Toronto Centre for the Arts,43.766228257307354,-79.41411495208739,Theater
311,M5C,43.7701199,-79.40849279999999,Saryo,43.76697902009232,-79.41220491675689,Café
312,M5C,43.7701199,-79.40849279999999,Wako Sushi + Bar,43.77080606720809,-79.41313811956255,Japanese Restaurant
313,M5C,43.7701199,-79.40849279999999,MYMY Chicken,43.76465797243293,-79.41109575340602,Fried Chicken Joint
314,M5C,43.7701199,-79.40849279999999,Sushi Bong,43.775428055109685,-79.41365367892402,Sushi Restaurant
315,M5C,43.7701199,-79.40849279999999,Sushi Moto Sake & Wine Bar,43.76390159157955,-79.41155904521092,Sushi Restaurant
316,M5C,43.7701199,-79.40849279999999,Mel Lastman Square,43.76770145783431,-79.41297541544051,Plaza
317,M5C,43.7701199,-79.40849279999999,Dairy Queen,43.76701557770687,-79.4120009150447,Ice Cream Shop
318,M5C,43.7701199,-79.40849279999999,Dakgogi,43.773009998847236,-79.41387458796359,Korean Restaurant
319,M5C,43.7701199,-79.40849279999999,Michaels,43.76724487394571,-79.41197372883607,Arts & Crafts Store
320,M5C,43.7701199,-79.40849279999999,Metro,43.77417110604527,-79.41343232989311,Supermarket
321,M5C,43.7701199,-79.40849279999999,Cottage Restaurant,43.77557162610398,-79.41323375417596,Pizza Place
322,M5C,43.7701199,-79.40849279999999,Empress Walk,43.768540252857974,-79.4126707082784,Shopping Mall
323,M5C,43.7701199,-79.40849279999999,Owl of Minerva,43.773327812864714,-79.41391451544317,Korean Restaurant
324,M5C,43.7701199,-79.40849279999999,Booster Juice,43.76889,-79.4129899,Juice Bar
325,M5C,43.7701199,-79.40849279999999,St. Louis Bar & Grill,43.77304026482439,-79.413770539975,Sports Bar
326,M5C,43.7701199,-79.40849279999999,Haida Sandwich,43.77543167870811,-79.41358715002293,Fast Food Restaurant
327,M5C,43.7701199,-79.40849279999999,PetSmart,43.769139,-79.412522,Pet Store
328,M5C,43.7701199,-79.40849279999999,Aura,43.766012799364795,-79.41081286441447,Lounge
329,M5C,43.7701199,-79.40849279999999,Starbucks,43.768464,-79.414017,Coffee Shop
330,M5C,43.7701199,-79.40849279999999,Union Social Eatery,43.76379660470405,-79.4113584939484,Restaurant
331,M5C,43.7701199,-79.40849279999999,Sushi One,43.76441166173842,-79.41187984957911,Japanese Restaurant
332,M5C,43.7701199,-79.40849279999999,Pizzaiolo,43.76428931934003,-79.41177961294926,Pizza Place
333,M5C,43.7701199,-79.40849279999999,Hakata Shoryuken Ramen,43.77351855289592,-79.41387203910281,Ramen Restaurant
334,M5C,43.7701199,-79.40849279999999,Bake Code 烘焙密碼,43.763968809039525,-79.41164099097621,Bakery
335,M5C,43.7701199,-79.40849279999999,Gol,43.76424,-79.411265,Middle Eastern Restaurant
336,M5C,43.7701199,-79.40849279999999,Subway,43.768507,-79.41398454232785,Sandwich Place
337,M5C,43.7701199,-79.40849279999999,Symposium Cafe Restaurant & Lounge,43.77107544003332,-79.41339624610163,Restaurant
338,M5C,43.7701199,-79.40849279999999,GoodLife Fitness North York Madison Centre,43.764836,-79.412709,Gym
339,M5C,43.7701199,-79.40849279999999,Baton Rouge,43.76645494997892,-79.41222941305855,American Restaurant
340,M5C,43.7701199,-79.40849279999999,KINTON RAMEN,43.76968375926793,-79.41304877291766,Ramen Restaurant
341,M5C,43.7701199,-79.40849279999999,Wendy’s,43.76846127243853,-79.4123771060805,Fast Food Restaurant
342,M5C,43.7701199,-79.40849279999999,Aburi Room,43.769197,-79.414039,Sushi Restaurant
343,M5C,43.7701199,-79.40849279999999,Douglas Snow Aquatic Centre,43.767317139739454,-79.41498164406656,Pool
344,M5C,43.7701199,-79.40849279999999,Tim Hortons,43.77396737677903,-79.41361973403849,Coffee Shop
345,M5C,43.7701199,-79.40849279999999,Roll.com,43.775288006642036,-79.41425610888591,Korean Restaurant
346,M5C,43.7701199,-79.40849279999999,Best Buy,43.76811518063931,-79.4126082683499,Electronics Store
347,M5C,43.7701199,-79.40849279999999,Dollarama,43.768722,-79.412101,Discount Store
348,M5C,43.7701199,-79.40849279999999,Boston Pizza,43.76966566980136,-79.41305666054794,Pizza Place
349,M5C,43.7701199,-79.40849279999999,Shawarma Max,43.76601170897119,-79.41084443679077,Middle Eastern Restaurant
350,M5C,43.7701199,-79.40849279999999,Pho 88 Vietnamese Cuisine,43.77045596393368,-79.41306424537943,Vietnamese Restaurant
351,M5C,43.7701199,-79.40849279999999,Studio Lounge Karaoke,43.76392929196712,-79.41152965816455,Karaoke Bar
352,M5C,43.7701199,-79.40849279999999,Ajisen Ramen 味千ラーメン,43.771444,-79.413139,Ramen Restaurant
353,M5C,43.7701199,-79.40849279999999,Sharetea,43.775440304954174,-79.41339641170555,Bubble Tea Shop
354,M5C,43.7701199,-79.40849279999999,Subway,43.77140090446779,-79.41345717293876,Sandwich Place
355,M5C,43.7701199,-79.40849279999999,L'opera Patisserie et Cafe,43.772767972277975,-79.41371702742671,Dessert Shop
356,M5C,43.7701199,-79.40849279999999,Tim Hortons,43.7655556,-79.4122337,Coffee Shop
357,M5C,43.7701199,-79.40849279999999,Lee Town Restaurant,43.76419503107473,-79.4116255620473,Chinese Restaurant
358,M5C,43.7701199,-79.40849279999999,Bar Koyoi,43.77494335172162,-79.4143055773749,Japanese Restaurant
359,M5C,43.7701199,-79.40849279999999,Freshslice Pizza,43.771353408025305,-79.4134865956423,Pizza Place
360,M5C,43.7701199,-79.40849279999999,Mezza Notte Trattoria,43.772704,-79.413764,Italian Restaurant
361,M5C,43.7701199,-79.40849279999999,Subway,43.76447721342689,-79.41217087119867,Sandwich Place
362,M5C,43.7701199,-79.40849279999999,Ten Ren's Tea Time 喫茶新饌,43.769574852327395,-79.41259669370922,Bubble Tea Shop
363,M5C,43.7701199,-79.40849279999999,Tim Hortons,43.7740759,-79.4134558,Coffee Shop
364,M5C,43.7701199,-79.40849279999999,TD Canada Trust,43.77478044751279,-79.41467947793171,Bank
365,M5C,43.7701199,-79.40849279999999,Shoppers Drug Mart,43.765829,-79.412338,Pharmacy
366,M5C,43.7701199,-79.40849279999999,Novotel Toronto North York,43.76872304736466,-79.41425730725825,Hotel
367,M5C,43.7701199,-79.40849279999999,McDonald's,43.76538326092233,-79.41022708625557,Fast Food Restaurant
368,M5C,43.7701199,-79.40849279999999,Oh Geul Boh Geul 오글보글,43.77315120705706,-79.4139145399907,Korean Restaurant
369,M5C,43.7701199,-79.40849279999999,Pizza Hut,43.764552371687415,-79.41165302122893,Pizza Place
370,M5C,43.7701199,-79.40849279999999,Bar Burrito,43.76430982982982,-79.41174765782287,Mexican Restaurant
371,M5C,43.7701199,-79.40849279999999,PROJECT:FISH,43.7691,-79.414305,Sushi Restaurant
372,M5C,43.7701199,-79.40849279999999,Trio Restaurant,43.769057691735014,-79.41437684224671,Restaurant
373,M5C,43.7701199,-79.40849279999999,RBC Royal Bank,43.76602146815181,-79.41178248148627,Bank
374,M5C,43.7701199,-79.40849279999999,Mitchell Field Community Centre,43.774931174583685,-79.40788703629063,Community Center
375,M5C,43.7701199,-79.40849279999999,Mot Na Son 맛나손,43.774390412729005,-79.41427066714837,Korean Restaurant
376,M5C,43.7701199,-79.40849279999999,BubbleBubble,43.77536516019827,-79.41324474729761,Asian Restaurant
377,M5C,43.7701199,-79.40849279999999,Yonge Sheppard Centre,43.76334973041364,-79.40993084579105,Shopping Mall
378,M5C,43.7701199,-79.40849279999999,Golden Shawarma,43.77503326515722,-79.41440451427333,Greek Restaurant
379,M5C,43.7701199,-79.40849279999999,Domi Café,43.775631,-79.414008,Café
380,M5E,43.7390146,-79.5069436,TD Canada Trust,43.7402356,-79.5125502,Bank
381,M5E,43.7390146,-79.5069436,Pizza Pizza,43.74108518369447,-79.51349681782587,Pizza Place
382,M5E,43.7390146,-79.5069436,Price Chopper,43.73990841084056,-79.51226143309357,Grocery Store
383,M5E,43.7390146,-79.5069436,jane sheppard mall,43.740104399774324,-79.51255243633483,Shopping Mall
384,M5E,43.7390146,-79.5069436,Cửu Long Miền Tây,43.739642,-79.513631,Vietnamese Restaurant
385,M5E,43.7390146,-79.5069436,Downsview Dells,43.73819394931281,-79.50020869243238,Park
386,M5E,43.7390146,-79.5069436,84 Sheppard Bus At Jane,43.741209386830086,-79.51323876106237,Moving Target
387,M5E,43.7390146,-79.5069436,Aromatic Wholistic Health Spa by 'Valentina',43.7387034,-79.51656179999998,Spa
388,M5E,43.7390146,-79.5069436,Stanley Park,43.742448466456786,-79.51531966611265,Park
389,M5G,43.685347,-79.3381065,The Only Cafe,43.680408988135255,-79.33789819168385,Beer Bar
390,M5G,43.685347,-79.3381065,efes bar&grill,43.68024174920371,-79.33834598691139,Gastropub
391,M5G,43.685347,-79.3381065,Serano Bakery,43.683139418786745,-79.34653122970155,Bakery
392,M5G,43.685347,-79.3381065,Sakawa Coffee,43.679906,-79.339807,Café
393,M5G,43.685347,-79.3381065,Mr. Pide,43.679635329815625,-79.34153035500347,Turkish Restaurant
394,M5G,43.685347,-79.3381065,Danforth Pizza House,43.680182909379766,-79.33879474268964,Pizza Place
395,M5G,43.685347,-79.3381065,The Only Backpacker's Inn,43.68054059417574,-79.33788920444185,Hostel
396,M5G,43.685347,-79.3381065,Danforth Dragon Restaurant,43.6798113424494,-79.339838432929,Asian Restaurant
397,M5G,43.685347,-79.3381065,Motorama Restaurant,43.67984859470629,-79.34010109351141,Diner
398,M5G,43.685347,-79.3381065,Sala Modern Thai Kitchen & Bar,43.68188522065964,-79.33072046699459,Thai Restaurant
399,M5G,43.685347,-79.3381065,Morgan's on the Danforth,43.682044330949324,-79.33025531659852,Gastropub
400,M5G,43.685347,-79.3381065,Tips Nail Bar,43.67982572188027,-79.34030209156394,Nail Salon
401,M5G,43.685347,-79.3381065,Square Boy,43.67994925367467,-79.33953984481623,Burger Joint
402,M5G,43.685347,-79.3381065,Al Mandi Restaurant مطعم المندي,43.682225048864694,-79.32933205287013,Middle Eastern Restaurant
403,M5G,43.685347,-79.3381065,Marvel Coffee Company,43.68071553476836,-79.33752594265454,Coffee Shop
404,M5G,43.685347,-79.3381065,The One in the Only,43.68043256568149,-79.33788077683231,Café
405,M5G,43.685347,-79.3381065,808 Social,43.682224,-79.34634,Café
406,M5G,43.685347,-79.3381065,The Ritz Restaurant,43.69181205999497,-79.3421085652764,Breakfast Spot
407,M5G,43.685347,-79.3381065,Nakayoshi: Ramen Fine Japanese Cuisine,43.67973628639116,-79.34137624567992,Ramen Restaurant
408,M5G,43.685347,-79.3381065,Starbucks,43.680167,-79.339669,Coffee Shop
409,M5G,43.685347,-79.3381065,Lalibela,43.6817099,-79.33199890000003,Ethiopian Restaurant
410,M5G,43.685347,-79.3381065,Goat Coffee Co.,43.68447714502223,-79.3468360903566,Café
411,M5G,43.685347,-79.3381065,Starbucks,43.67985,-79.34037,Coffee Shop
412,M5G,43.685347,-79.3381065,Akropolis Pastries,43.67935311694436,-79.34353644717321,Greek Restaurant
413,M5G,43.685347,-79.3381065,Ha gow Dim Sum House,43.68044093157399,-79.33759006459042,Dim Sum Restaurant
414,M5G,43.685347,-79.3381065,The Olde Eton House,43.679378999889686,-79.3431888689723,Pub
415,M5G,43.685347,-79.3381065,Shoppers Drug Mart,43.679373,-79.342316,Pharmacy
416,M5G,43.685347,-79.3381065,Tzatziki,43.68357500543047,-79.34656915325962,Greek Restaurant
417,M5G,43.685347,-79.3381065,The Dylan Bar,43.682025,-79.330434,Beer Bar
418,M5G,43.685347,-79.3381065,Hot Pot Cafe,43.68233730294754,-79.32922450710925,Café
419,M5G,43.685347,-79.3381065,Allure Body Bar,43.67930961860643,-79.34290082858878,Spa
420,M5G,43.685347,-79.3381065,A&W,43.68164,-79.332268,Fast Food Restaurant
421,M5G,43.685347,-79.3381065,Tim Hortons,43.68143587026167,-79.33074116706848,Coffee Shop
422,M5G,43.685347,-79.3381065,Pizza Hut,43.68317442087925,-79.34672344390253,Pizza Place
423,M5G,43.685347,-79.3381065,Pizza Pizza,43.679568651773415,-79.3419040384053,Pizza Place
424,M5G,43.685347,-79.3381065,Number One Chinese Restaurant,43.684585940432,-79.34690952301025,Chinese Restaurant
425,M5G,43.685347,-79.3381065,Makkah Restaurant,43.68064246148289,-79.33661277260781,Restaurant
426,M5G,43.685347,-79.3381065,The Beer Store,43.6810694,-79.3329383,Beer Store
427,M5G,43.685347,-79.3381065,Linsmore Tavern,43.68215568142026,-79.32989781807214,Karaoke Bar
428,M5G,43.685347,-79.3381065,KFC,43.6843,-79.347,Fast Food Restaurant
429,M5G,43.685347,-79.3381065,LCBO,43.681198423290475,-79.33336927551963,Liquor Store
430,M5G,43.685347,-79.3381065,7-Eleven,43.68016241132771,-79.3374614417553,Convenience Store
431,M5G,43.685347,-79.3381065,Circus Books and Music,43.67989378109307,-79.34004865464084,Bookstore
432,M5G,43.685347,-79.3381065,Bite Me Grill,43.679368984751534,-79.34294454514556,Breakfast Spot
433,M5G,43.685347,-79.3381065,The Burrito House,43.67966402786582,-79.34139735659423,Burrito Place
434,M5G,43.685347,-79.3381065,Dieppe Park,43.692206959700314,-79.33607384580417,Park
435,M5G,43.685347,-79.3381065,California Pub & Grill,43.68584128072304,-79.34745253363086,Bar
436,M5G,43.685347,-79.3381065,Agnes Macphail Square,43.685803290593086,-79.34759754486048,Park
437,M5G,43.685347,-79.3381065,Gabby's,43.679259562499546,-79.34305474039736,Pub
438,M5H,43.68641229999999,-79.4000493,The Market By Longo’s,43.686711,-79.399536,Supermarket
439,M5H,43.68641229999999,-79.4000493,LCBO,43.686990631074885,-79.39923810519545,Liquor Store
440,M5H,43.68641229999999,-79.4000493,The Bagel House,43.68737388880937,-79.39369634343205,Bagel Shop
441,M5H,43.68641229999999,-79.4000493,Scaramouche,43.681293153198716,-79.39949193939613,French Restaurant
442,M5H,43.68641229999999,-79.4000493,Capocaccia Café,43.68591480236428,-79.39330539038971,Italian Restaurant
443,M5H,43.68641229999999,-79.4000493,Mary Be Kitchen,43.687708,-79.395062,Restaurant
444,M5H,43.68641229999999,-79.4000493,DAVIDsTEA,43.6884205323381,-79.39438462257385,Tea Room
445,M5H,43.68641229999999,-79.4000493,Cava Restaurant,43.68980938323509,-79.39493224929409,Tapas Restaurant
446,M5H,43.68641229999999,-79.4000493,Waxon Waxbar,43.68282432653121,-79.39197051561601,Spa
447,M5H,43.68641229999999,-79.4000493,Daeco Sushi,43.68783769992881,-79.39565249242683,Sushi Restaurant
448,M5H,43.68641229999999,-79.4000493,9bars,43.68865967473641,-79.3919401630648,Café
449,M5H,43.68641229999999,-79.4000493,Manipedi Spa,43.68262591427311,-79.39187908813057,Spa
450,M5H,43.68641229999999,-79.4000493,kibo sushi house,43.68272679006777,-79.39227003229884,Sushi Restaurant
451,M5H,43.68641229999999,-79.4000493,nutbar,43.682810954698965,-79.39194466929969,Vegetarian / Vegan Restaurant
452,M5H,43.68641229999999,-79.4000493,Union Social Eatery,43.68789522205706,-79.39491559605742,American Restaurant
453,M5H,43.68641229999999,-79.4000493,Aroma Espresso Bar,43.68714526310894,-79.39352053736978,Café
454,M5H,43.68641229999999,-79.4000493,Vita Integrative Health Clinic,43.68949970008044,-79.39474412970407,Chiropractor
455,M5H,43.68641229999999,-79.4000493,Sunny Morning Breakfast & Lunch,43.68651181729649,-79.39350718774527,Breakfast Spot
456,M5H,43.68641229999999,-79.4000493,Swiss Chalet,43.68956414569206,-79.39489933175645,Restaurant
457,M5H,43.68641229999999,-79.4000493,Moksha Yoga Uptown,43.68879873115129,-79.39448444489447,Yoga Studio
458,M5H,43.68641229999999,-79.4000493,Kwan Restaurant,43.688737166789785,-79.39435863931413,Cantonese Restaurant
459,M5H,43.68641229999999,-79.4000493,Starbucks,43.688467,-79.393801,Coffee Shop
460,M5H,43.68641229999999,-79.4000493,Spiga,43.686392572989696,-79.3933537239149,Italian Restaurant
461,M5H,43.68641229999999,-79.4000493,Sushi Garden,43.68988255810127,-79.39490102169809,Sushi Restaurant
462,M5H,43.68641229999999,-79.4000493,Boccone Deli Cafe & Pizza,43.68642063905161,-79.39344268093778,Italian Restaurant
463,M5H,43.68641229999999,-79.4000493,Baklawa Queen,43.686734,-79.393558,Bakery
464,M5H,43.68641229999999,-79.4000493,Hero Certified Burgers,43.687117820671794,-79.39355904327628,Burger Joint
465,M5H,43.68641229999999,-79.4000493,Subway,43.688901172019094,-79.39469890712178,Sandwich Place
466,M5H,43.68641229999999,-79.4000493,Barnsteiner's,43.685881,-79.39322,Modern European Restaurant
467,M5H,43.68641229999999,-79.4000493,GoodLife Fitness,43.689617053158216,-79.39469469920937,Gym
468,M5H,43.68641229999999,-79.4000493,Sobeys Urban Fresh St. Clair,43.688479,-79.390769,Grocery Store
469,M5H,43.68641229999999,-79.4000493,Schnitzel HUB,43.687378678206514,-79.39368318065463,German Restaurant
470,M5H,43.68641229999999,-79.4000493,Raiders E-Sports Centre,43.687682915990386,-79.39594439646025,Sports Bar
471,M5H,43.68641229999999,-79.4000493,Tim Hortons,43.687682,-79.39684,Coffee Shop
472,M5H,43.68641229999999,-79.4000493,Starbucks,43.686756,-79.398292,Coffee Shop
473,M5H,43.68641229999999,-79.4000493,Shoppers Drug Mart,43.689255,-79.394496,Pharmacy
474,M5H,43.68641229999999,-79.4000493,Fionn MacCool's,43.68792137317272,-79.39478325313542,Pub
475,M5H,43.68641229999999,-79.4000493,Asahi Sushi,43.6826855655929,-79.39227015276622,Sushi Restaurant
476,M5H,43.68641229999999,-79.4000493,GoodLife Fitness Toronto Yonge and St Clair,43.688484,-79.393781,Gym
477,M5H,43.68641229999999,-79.4000493,Nove Trattoria,43.68679543165231,-79.39360906397091,Italian Restaurant
478,M5H,43.68641229999999,-79.4000493,New Thai Restaurant,43.68886917362422,-79.39116302160036,Thai Restaurant
479,M5H,43.68641229999999,-79.4000493,Room 2046,43.68325613345997,-79.39217402739426,Gift Shop
480,M5H,43.68641229999999,-79.4000493,Scallywags,43.687981749962695,-79.39467568457059,Pub
481,M5H,43.68641229999999,-79.4000493,Second Cup,43.688257261406534,-79.39377786984645,Coffee Shop
482,M5H,43.68641229999999,-79.4000493,Popeyes Louisiana Kitchen,43.6893,-79.395302,Fried Chicken Joint
483,M5H,43.68641229999999,-79.4000493,Suki Japanese Cuisine,43.68866817066987,-79.3918540007956,Japanese Restaurant
484,M5H,43.68641229999999,-79.4000493,Midtown Gastro Hub,43.69003476292464,-79.3948531473005,Gastropub
485,M5H,43.68641229999999,-79.4000493,Pizzaiolo,43.68799051263145,-79.39463424218918,Pizza Place
486,M5H,43.68641229999999,-79.4000493,Subway,43.6886981251478,-79.392031084113,Sandwich Place
487,M5H,43.68641229999999,-79.4000493,Sprout,43.687995609133544,-79.39465149552744,Vietnamese Restaurant
488,M5H,43.68641229999999,-79.4000493,Starbucks,43.686152,-79.392874,Coffee Shop
489,M5H,43.68641229999999,-79.4000493,Second Cup,43.689814161995294,-79.39481084620539,Coffee Shop
490,M5H,43.68641229999999,-79.4000493,TD Canada Trust,43.68831188747696,-79.39384818077093,Bank
491,M5H,43.68641229999999,-79.4000493,Pizza Pizza,43.68955487823723,-79.39465657034644,Pizza Place
492,M5H,43.68641229999999,-79.4000493,Loblaws,43.688484,-79.393781,Grocery Store
493,M5H,43.68641229999999,-79.4000493,Sushi Gen,43.68886229852844,-79.3944898110323,Sushi Restaurant
494,M5H,43.68641229999999,-79.4000493,Kiva's,43.687983764255456,-79.39471505267664,Bagel Shop
495,M5H,43.68641229999999,-79.4000493,Wylie's Neighbourhood Pub,43.68260408062608,-79.3919092842244,Thai Restaurant
496,M5H,43.68641229999999,-79.4000493,RBC Royal Bank,43.68806164142636,-79.39500079795525,Bank
497,M5H,43.68641229999999,-79.4000493,Mr. Thai,43.68962660582034,-79.39474466731203,Thai Restaurant
498,M5H,43.68641229999999,-79.4000493,Loblaws St. Clair And Yonge,43.688569,-79.394034,Grocery Store
499,M5H,43.68641229999999,-79.4000493,Thai Express,43.68839969248036,-79.3930962577708,Thai Restaurant
500,M5H,43.68641229999999,-79.4000493,UCC summer camps,43.69152798314834,-79.40343836255039,Skating Rink
501,M5H,43.68641229999999,-79.4000493,Kaizen Sushi,43.688685,-79.392218,Sushi Restaurant
502,M5J,43.65057120000001,-79.3845675,Four Seasons Centre for the Performing Arts,43.650592,-79.385806,Concert Hall
503,M5J,43.65057120000001,-79.3845675,Nathan Phillips Square,43.65227047322295,-79.38351631164551,Plaza
504,M5J,43.65057120000001,-79.3845675,The Keg Steakhouse + Bar - York Street,43.64998659318569,-79.38410336664538,Restaurant
505,M5J,43.65057120000001,-79.3845675,Rosalinda,43.650252483069295,-79.38515575620075,Vegetarian / Vegan Restaurant
506,M5J,43.65057120000001,-79.3845675,Shangri-La Toronto,43.64912919417502,-79.3865566853963,Hotel
507,M5J,43.65057120000001,-79.3845675,Soho House Toronto,43.64873430659662,-79.38654117564838,Speakeasy
508,M5J,43.65057120000001,-79.3845675,Downtown Toronto,43.65323167517444,-79.38529600606677,Neighborhood
509,M5J,43.65057120000001,-79.3845675,Cafe Landwer,43.64875349932059,-79.3853673607289,Café
510,M5J,43.65057120000001,-79.3845675,Hy's Steakhouse,43.649504756476944,-79.38291850488223,Steakhouse
511,M5J,43.65057120000001,-79.3845675,Pizzeria Libretto,43.64833354686235,-79.38511050184168,Pizza Place
512,M5J,43.65057120000001,-79.3845675,Cactus Club Cafe,43.6495520142626,-79.38167072512041,American Restaurant
513,M5J,43.65057120000001,-79.3845675,Bosk at Shangri-La,43.649022736761516,-79.38582635521233,Asian Restaurant
514,M5J,43.65057120000001,-79.3845675,Adelaide Club Toronto,43.64927944291712,-79.38192123284551,Gym / Fitness Center
515,M5J,43.65057120000001,-79.3845675,JaBistro,43.64968685893743,-79.38809001547467,Sushi Restaurant
516,M5J,43.65057120000001,-79.3845675,Friendly Stranger - Cannabis Culture Shop,43.650386666114635,-79.38852348995324,Smoke Shop
517,M5J,43.65057120000001,-79.3845675,M Square Coffee Co,43.65121797253777,-79.38355459932247,Coffee Shop
518,M5J,43.65057120000001,-79.3845675,Canadian Opera Company,43.6506601893789,-79.38624169559013,Opera House
519,M5J,43.65057120000001,-79.3845675,John & Sons Oyster House,43.65060229830571,-79.38155510682869,Seafood Restaurant
520,M5J,43.65057120000001,-79.3845675,John & Sons Oyster House,43.65065642537144,-79.38161285228475,Seafood Restaurant
521,M5J,43.65057120000001,-79.3845675,Pilot Coffee Roasters,43.648835391245896,-79.3809358125033,Coffee Shop
522,M5J,43.65057120000001,-79.3845675,Boxcar Social Temperance,43.65055725249405,-79.38195634640063,Bar
523,M5J,43.65057120000001,-79.3845675,Sam James Coffee Bar (SJCB),43.64788137014028,-79.38433152836829,Café
524,M5J,43.65057120000001,-79.3845675,Bulldog On The Block,43.65065218852629,-79.38414092873634,Coffee Shop
525,M5J,43.65057120000001,-79.3845675,Maman,43.64830873804684,-79.38225333898805,Café
526,M5J,43.65057120000001,-79.3845675,Pai,43.64792310735613,-79.38857932631602,Thai Restaurant
527,M5J,43.65057120000001,-79.3845675,Toronto PATH System,43.64990340698978,-79.3830527039004,General Travel
528,M5J,43.65057120000001,-79.3845675,Copacabana Grilled Brazilian,43.64833259480477,-79.3881514766071,Brazilian Restaurant
529,M5J,43.65057120000001,-79.3845675,King Taps,43.648475974183,-79.38205778358744,Gastropub
530,M5J,43.65057120000001,-79.3845675,Richmond Station,43.65156872562108,-79.37926594000328,American Restaurant
531,M5J,43.65057120000001,-79.3845675,Byblos Toronto,43.647615054171766,-79.3883810317138,Mediterranean Restaurant
532,M5J,43.65057120000001,-79.3845675,Eggspectation Bell Trinity Square,43.65314383888587,-79.38198016678167,Breakfast Spot
533,M5J,43.65057120000001,-79.3845675,Canoe,43.647452066183476,-79.38132001815676,Restaurant
534,M5J,43.65057120000001,-79.3845675,Daily Press Juicery,43.65038785952372,-79.38879174332155,Juice Bar
535,M5J,43.65057120000001,-79.3845675,Civello Salon & Spa,43.6500197743058,-79.38940017059696,Salon / Barbershop
536,M5J,43.65057120000001,-79.3845675,Equinox Bay Street,43.64809974034856,-79.37998869411526,Gym
537,M5J,43.65057120000001,-79.3845675,Dineen Coffee,43.650497,-79.378765,Café
538,M5J,43.65057120000001,-79.3845675,Royal Alexandra Theatre,43.647255,-79.38753,Theater
539,M5J,43.65057120000001,-79.3845675,Roy Thomson Hall,43.6465886970634,-79.38597899374354,Concert Hall
540,M5J,43.65057120000001,-79.3845675,LUSH,43.653557,-79.3804,Cosmetics Shop
541,M5J,43.65057120000001,-79.3845675,Brick Street Bakery,43.6488151631615,-79.38060468610949,Bakery
542,M5J,43.65057120000001,-79.3845675,The Chase,43.650951982093595,-79.37942201983014,New American Restaurant
543,M5J,43.65057120000001,-79.3845675,Indigo,43.65351471121164,-79.38069591056922,Bookstore
544,M5J,43.65057120000001,-79.3845675,deKEFIR,43.65043319523819,-79.37939324949957,Ice Cream Shop
545,M5J,43.65057120000001,-79.3845675,HotBlack Coffee,43.65036434800487,-79.38866907575726,Coffee Shop
546,M5J,43.65057120000001,-79.3845675,Nota Bene,43.6505120350372,-79.38813081159722,American Restaurant
547,M5J,43.65057120000001,-79.3845675,GoodLife Fitness Toronto 137 Yonge Street,43.651242,-79.378068,Gym
548,M5J,43.65057120000001,-79.3845675,Mos Mos Coffee,43.64815919753501,-79.37874450467258,Café
549,M5J,43.65057120000001,-79.3845675,Elgin And Winter Garden Theatres,43.653393796019586,-79.3785073962175,Theater
550,M5J,43.65057120000001,-79.3845675,Walrus Pub & Beer Hall,43.64737470920577,-79.37951515363918,Pub
551,M5J,43.65057120000001,-79.3845675,Japango,43.65526771691681,-79.38516506734886,Sushi Restaurant
552,M5J,43.65057120000001,-79.3845675,Dineen @CommerceCourt,43.648250543365556,-79.38012728220869,Coffee Shop
553,M5J,43.65057120000001,-79.3845675,Umbra Concept Store,43.650417,-79.391136,Furniture / Home Store
554,M5J,43.65057120000001,-79.3845675,Dark Horse Espresso Bar,43.64829161679981,-79.39039040155937,Coffee Shop
555,M5J,43.65057120000001,-79.3845675,Princess Of Wales Theatre,43.64654315405365,-79.38910030187289,Theater
556,M5J,43.65057120000001,-79.3845675,Craft Beer Market,43.6498722789121,-79.37839828995996,Beer Bar
557,M5J,43.65057120000001,-79.3845675,SEPHORA,43.653688,-79.38012,Cosmetics Shop
558,M5J,43.65057120000001,-79.3845675,CF Toronto Eaton Centre,43.654540112988535,-79.38067738352993,Shopping Mall
559,M5J,43.65057120000001,-79.3845675,HomeSense,43.6530533,-79.3794496,Furniture / Home Store
560,M5J,43.65057120000001,-79.3845675,Leña,43.651722,-79.379205,Latin American Restaurant
561,M5J,43.65057120000001,-79.3845675,Aboveground Art Supplies,43.652645648070006,-79.3909251764317,Arts & Crafts Store
562,M5J,43.65057120000001,-79.3845675,The Ritz-Carlton,43.645330157595886,-79.38708901405334,Hotel
563,M5J,43.65057120000001,-79.3845675,Beerbistro,43.64941904378835,-79.37723726034164,Gastropub
564,M5J,43.65057120000001,-79.3845675,Café Plenty,43.6491179354577,-79.37831288380438,Café
565,M5J,43.65057120000001,-79.3845675,TIFF Bell Lightbox,43.64634159071232,-79.39006297129853,Movie Theater
566,M5J,43.65057120000001,-79.3845675,YYoga,43.64972499320129,-79.39198265471717,Yoga Studio
567,M5J,43.65057120000001,-79.3845675,Omg! Oh My Gyro!,43.6500639687058,-79.39110371201055,Souvlaki Shop
568,M5J,43.65057120000001,-79.3845675,Karine's,43.653698928318526,-79.39074313568692,Breakfast Spot
569,M5J,43.65057120000001,-79.3845675,Cambridge Suites Toronto,43.65183649475983,-79.37810738045548,Hotel
570,M5J,43.65057120000001,-79.3845675,DAVIDsTEA,43.64650585612388,-79.38014477491379,Tea Room
571,M5J,43.65057120000001,-79.3845675,TOCA,43.64543117726125,-79.38705858895491,Italian Restaurant
572,M5J,43.65057120000001,-79.3845675,Ed Mirvish Theatre,43.655101567321054,-79.37976762131545,Theater
573,M5J,43.65057120000001,-79.3845675,Manpuku まんぷく,43.653612411792935,-79.39061276446213,Japanese Restaurant
574,M5J,43.65057120000001,-79.3845675,The Fairmont Royal York,43.64544914616651,-79.3815076529019,Hotel
575,M5J,43.65057120000001,-79.3845675,Roots,43.65361341708363,-79.38024401664734,Clothing Store
576,M5J,43.65057120000001,-79.3845675,Topshop,43.65225092432807,-79.3802210071282,Women's Store
577,M5J,43.65057120000001,-79.3845675,UNIQLO ユニクロ,43.65591027779457,-79.38064099181345,Clothing Store
578,M5J,43.65057120000001,-79.3845675,Chatime 日出茶太,43.65554164147378,-79.38468427043244,Bubble Tea Shop
579,M5J,43.65057120000001,-79.3845675,Spa My Blend by Clarins,43.645359,-79.387128,Spa
580,M5J,43.65057120000001,-79.3845675,JOEY Eaton Centre,43.65540379999999,-79.38192889999999,Restaurant
581,M5J,43.65057120000001,-79.3845675,Ontario College of Art and Design University (OCADU),43.65280251171013,-79.3910743699992,University
582,M5J,43.65057120000001,-79.3845675,DAVIDsTEA,43.64969837615772,-79.39244396915564,Tea Room
583,M5J,43.65057120000001,-79.3845675,Design Exchange,43.64797219581623,-79.38010382588462,Art Gallery
584,M5J,43.65057120000001,-79.3845675,Michaels,43.64869949375211,-79.3910962343216,Arts & Crafts Store
585,M5J,43.65057120000001,-79.3845675,Sunset Grill,43.65166162378037,-79.3790751303271,Breakfast Spot
586,M5J,43.65057120000001,-79.3845675,Ki Modern Japanese + Bar,43.647167,-79.379608,Japanese Restaurant
587,M5J,43.65057120000001,-79.3845675,WVRST,43.64496809087762,-79.38137631843854,Beer Bar
588,M5J,43.65057120000001,-79.3845675,Crepe Delicious,43.654536488277245,-79.38088885547485,Fast Food Restaurant
589,M5J,43.65057120000001,-79.3845675,Rolltation,43.65491791857301,-79.3874242454196,Japanese Restaurant
590,M5J,43.65057120000001,-79.3845675,Indigospirit,43.64834987590252,-79.38034747310336,Bookstore
591,M5J,43.65057120000001,-79.3845675,Magic Tailor,43.65374158228865,-79.37974523881418,Clothing Store
592,M5J,43.65057120000001,-79.3845675,Olly Fresco's,43.646912231909276,-79.37959661696463,Deli / Bodega
593,M5J,43.65057120000001,-79.3845675,Sansotei Ramen 三草亭,43.655157467561246,-79.38650067479335,Ramen Restaurant
594,M5J,43.65057120000001,-79.3845675,Union Pearson Express,43.64436200658875,-79.38319927907953,Train Station
595,M5J,43.65057120000001,-79.3845675,Hockey Hall Of Fame (Hockey Hall of Fame),43.646974451431056,-79.37732323942681,Museum
596,M5J,43.65057120000001,-79.3845675,The Library Specialty Coffee,43.65441282740799,-79.39090161351724,Coffee Shop
597,M5J,43.65057120000001,-79.3845675,Pilot Coffee Roasters,43.64501814464698,-79.3804150931199,Coffee Shop
598,M5J,43.65057120000001,-79.3845675,Yonge-Dundas Square,43.65605389742188,-79.38049504264389,Plaza
599,M5J,43.65057120000001,-79.3845675,Terroni,43.650927,-79.375602,Italian Restaurant
600,M5J,43.65057120000001,-79.3845675,Art Gallery of Ontario,43.654002860337386,-79.39292172707437,Art Gallery
601,M5J,43.65057120000001,-79.3845675,Movenpick Cafe,43.647686808930885,-79.3772953884033,Café
602,M5K,43.6532057,-79.4000493,Kid Icarus,43.653933260442265,-79.40171859012935,Arts & Crafts Store
603,M5K,43.6532057,-79.4000493,Seven Lives - Tacos y Mariscos,43.65441817160925,-79.40054467846261,Mexican Restaurant
604,M5K,43.6532057,-79.4000493,Essence of Life Organics,43.65411067840614,-79.4004308758787,Organic Grocery
605,M5K,43.6532057,-79.4000493,Jimmy's Coffee,43.65449315540114,-79.40131090393002,Café
606,M5K,43.6532057,-79.4000493,Blackbird Baking Co,43.65476385976386,-79.40056588367806,Bakery
607,M5K,43.6532057,-79.4000493,FIKA Cafe,43.653560276835684,-79.40040209660836,Café
608,M5K,43.6532057,-79.4000493,The Moonbean Cafe,43.65414662211733,-79.40018175516231,Café
609,M5K,43.6532057,-79.4000493,Banh Mi Nguyen Huong,43.653628006211044,-79.3983759881993,Vietnamese Restaurant
610,M5K,43.6532057,-79.4000493,Little Pebbles,43.654883,-79.400264,Coffee Shop
611,M5K,43.6532057,-79.4000493,Golden Patty,43.6546590586465,-79.4011788108254,Caribbean Restaurant
612,M5K,43.6532057,-79.4000493,El Rey,43.652764,-79.400048,Cocktail Bar
613,M5K,43.6532057,-79.4000493,Torteria San Cosme,43.65470199390117,-79.40064636669985,Mexican Restaurant
614,M5K,43.6532057,-79.4000493,Cold Tea,43.65419313416817,-79.40107491108753,Bar
615,M5K,43.6532057,-79.4000493,Grey Gardens,43.653479,-79.401427,Wine Bar
616,M5K,43.6532057,-79.4000493,Kensington Food Market,43.654058473740236,-79.40037565547179,Farmers Market
617,M5K,43.6532057,-79.4000493,Millie Creperie,43.654993860126034,-79.3998292732052,Dessert Shop
618,M5K,43.6532057,-79.4000493,Hooked,43.6545853262614,-79.40174629702895,Fish Market
619,M5K,43.6532057,-79.4000493,Global Cheese,43.65462257332082,-79.4006057130889,Cheese Shop
620,M5K,43.6532057,-79.4000493,Wafels and More,43.65465108367296,-79.40197747917576,Belgian Restaurant
621,M5K,43.6532057,-79.4000493,Perola Supermarket,43.65489448176307,-79.40214642462199,Grocery Store
622,M5K,43.6532057,-79.4000493,Meeplemart,43.65162799198926,-79.39741037259144,Gaming Cafe
623,M5K,43.6532057,-79.4000493,Saigon Lotus Restaurant,43.654310800343325,-79.39922450076845,Vietnamese Restaurant
624,M5K,43.6532057,-79.4000493,Carlos' House of Spice,43.654188111731344,-79.40190419262933,Gourmet Shop
625,M5K,43.6532057,-79.4000493,Sonic Boom,43.650858882525974,-79.39698455156606,Record Shop
626,M5K,43.6532057,-79.4000493,Maker Pizza,43.6504011331197,-79.39804047841302,Pizza Place
627,M5K,43.6532057,-79.4000493,Pancho's Bakery,43.654750233381165,-79.40210500607643,Bakery
628,M5K,43.6532057,-79.4000493,Hibiscus,43.655454254557085,-79.4024390910271,Vegetarian / Vegan Restaurant
629,M5K,43.6532057,-79.4000493,Poetry Jazz Cafe,43.654974536398164,-79.40237067545584,Jazz Club
630,M5K,43.6532057,-79.4000493,FILM CAFE,43.65510856565147,-79.40234241534543,Comfort Food Restaurant
631,M5K,43.6532057,-79.4000493,El Trompo,43.6558316709016,-79.40256072891863,Mexican Restaurant
632,M5K,43.6532057,-79.4000493,Dark Horse Espresso Bar,43.65056381026066,-79.39701810600826,Coffee Shop
633,M5K,43.6532057,-79.4000493,Otto's Berlin Döner,43.65638733696026,-79.40278822246442,Doner Restaurant
634,M5K,43.6532057,-79.4000493,Pizzeria Via Mercanti,43.65407077215065,-79.40192005863022,Italian Restaurant
635,M5K,43.6532057,-79.4000493,Buddha's Vegetarian,43.65190355922526,-79.40331176640306,Vegetarian / Vegan Restaurant
636,M5K,43.6532057,-79.4000493,I Deal Coffee,43.65505778213131,-79.40325401691655,Coffee Shop
637,M5K,43.6532057,-79.4000493,Kanto,43.6521668804813,-79.40484262234281,Filipino Restaurant
638,M5K,43.6532057,-79.4000493,The Planet Traveler,43.657202,-79.403568,Hostel
639,M5K,43.6532057,-79.4000493,Big Fat Burrito,43.65607191076809,-79.40258445136877,Burrito Place
640,M5K,43.6532057,-79.4000493,Market 707,43.652127706758996,-79.40484420479436,Food Court
641,M5K,43.6532057,-79.4000493,Livelihood Cafe,43.655820905845346,-79.40262894753235,Café
642,M5K,43.6532057,-79.4000493,Café Pamenar,43.65667776586101,-79.402821713777,Café
643,M5K,43.6532057,-79.4000493,Banh Mi Boys,43.648649805139854,-79.39685914804579,Sandwich Place
644,M5K,43.6532057,-79.4000493,Art Gallery of Ontario,43.654002860337386,-79.39292172707437,Art Gallery
645,M5K,43.6532057,-79.4000493,Carmen's City Market,43.65764732156707,-79.40162631000557,Supermarket
646,M5K,43.6532057,-79.4000493,Petit Nuage,43.65171670538228,-79.40399906956775,Dessert Shop
647,M5K,43.6532057,-79.4000493,Alo,43.64857357946059,-79.39624325999638,French Restaurant
648,M5K,43.6532057,-79.4000493,Drom Taberna,43.648134029847476,-79.39967466122691,Bar
649,M5K,43.6532057,-79.4000493,Core Studio Yoga & Pilates,43.647919673434195,-79.40019574557343,Yoga Studio
650,M5K,43.6532057,-79.4000493,City Dance Corps,43.648143964685374,-79.39811053124042,Dance Studio
651,M5K,43.6532057,-79.4000493,Voodoo Child,43.65695821626081,-79.40546029795985,Café
652,M5K,43.6532057,-79.4000493,Crimson Teas 堅信良茶,43.656953,-79.399449,Tea Room
653,M5K,43.6532057,-79.4000493,Aloette,43.648380956878,-79.39618583130652,Restaurant
654,M5K,43.6532057,-79.4000493,Butter Avenue,43.64849710051548,-79.3977987397473,Dessert Shop
655,M5K,43.6532057,-79.4000493,Get Outside,43.6488482587458,-79.39577748658837,Shoe Store
656,M5K,43.6532057,-79.4000493,MEC,43.64939,-79.394006,Sporting Goods Shop
657,M5K,43.6532057,-79.4000493,Saku Sushi,43.648038262053305,-79.40026848917229,Sushi Restaurant
658,M5K,43.6532057,-79.4000493,La Palette,43.64782019405015,-79.40095745762193,French Restaurant
659,M5K,43.6532057,-79.4000493,Yeti Nails & Spa,43.647937726631774,-79.3963296299419,Cosmetics Shop
660,M5K,43.6532057,-79.4000493,Kekou Gelato House,43.648651876492046,-79.39690109356265,Ice Cream Shop
661,M5K,43.6532057,-79.4000493,Raku,43.64813897879459,-79.39949180336755,Udon Restaurant
662,M5K,43.6532057,-79.4000493,A & C World,43.65740880302916,-79.39984655786655,Gaming Cafe
663,M5K,43.6532057,-79.4000493,Tequila Bookworm,43.64769690944723,-79.40154896874483,Bar
664,M5K,43.6532057,-79.4000493,Isshin Ramen 一心,43.65651655724417,-79.40694540739058,Ramen Restaurant
665,M5K,43.6532057,-79.4000493,Good Hombres,43.653235,-79.406566,Taco Place
666,M5K,43.6532057,-79.4000493,BarChef,43.648038103605295,-79.40016126163273,Bar
667,M5K,43.6532057,-79.4000493,Grasshopper,43.65757329774803,-79.40215928821414,Vegetarian / Vegan Restaurant
668,M5K,43.6532057,-79.4000493,Graffiti Alley,43.64795421908404,-79.39810216426848,Street Art
669,M5K,43.6532057,-79.4000493,Horseshoe Tavern,43.6493390929762,-79.3959763512841,Music Venue
670,M5K,43.6532057,-79.4000493,Alexandra Park,43.650582680667924,-79.40453778486872,Park
671,M5K,43.6532057,-79.4000493,Yoga Tree Downtown,43.647902460114445,-79.39608601147005,Yoga Studio
672,M5K,43.6532057,-79.4000493,Fresh On Spadina,43.648048207763615,-79.39600791264331,Vegetarian / Vegan Restaurant
673,M5K,43.6532057,-79.4000493,Cacao 70,43.648351398208,-79.39808247973598,Creperie
674,M5K,43.6532057,-79.4000493,Le Gourmand Café,43.648282339042105,-79.39623145239167,Café
675,M5K,43.6532057,-79.4000493,#Hashtag Gallery,43.65183024518982,-79.40810273899646,Art Gallery
676,M5K,43.6532057,-79.4000493,Early Bird Espresso & Brew Bar,43.647419183755126,-79.40255659297493,Café
677,M5K,43.6532057,-79.4000493,401 Richmond,43.64790630817995,-79.39521906011258,Art Gallery
678,M5K,43.6532057,-79.4000493,Manic Coffee,43.656684355245964,-79.40703202630826,Café
679,M5K,43.6532057,-79.4000493,Outer Layer,43.64762126599825,-79.4014203057623,Gift Shop
680,M5K,43.6532057,-79.4000493,Montauk,43.65208369287188,-79.4068975523757,Bar
681,M5K,43.6532057,-79.4000493,Vegetarian Haven,43.656016028357094,-79.3927577742003,Vegetarian / Vegan Restaurant
682,M5K,43.6532057,-79.4000493,Avenue Open Kitchen,43.647273151492655,-79.39631997359885,Diner
683,M5K,43.6532057,-79.4000493,Kekou Gelato House,43.65609938127313,-79.39271479734887,Ice Cream Shop
684,M5K,43.6532057,-79.4000493,Little Island Comics,43.6574262460595,-79.40249562263489,Comic Shop
685,M5K,43.6532057,-79.4000493,The Cloak and Dagger,43.65693093368426,-79.40566290389248,Pub
686,M5K,43.6532057,-79.4000493,金城超級市場 Lucky Moose Food Mart,43.65365148008927,-79.3944133930438,Grocery Store
687,M5K,43.6532057,-79.4000493,EB Games,43.6489361368077,-79.3953942781761,Video Game Store
688,M5K,43.6532057,-79.4000493,Fahrenheit Coffee,43.64703669923361,-79.40087579760974,Coffee Shop
689,M5K,43.6532057,-79.4000493,My Roti Place,43.648663,-79.397306,Indian Restaurant
690,M5K,43.6532057,-79.4000493,Bar Hop Brewco,43.649068842850404,-79.39345567330301,Beer Bar
691,M5K,43.6532057,-79.4000493,The Cameron House,43.648617,-79.39757,Bar
692,M5K,43.6532057,-79.4000493,Mother's Dumplings,43.65710501801941,-79.39955196237875,Dumpling Restaurant
693,M5K,43.6532057,-79.4000493,Sneaky Dee's,43.65634906243686,-79.40764590401695,Bar
694,M5K,43.6532057,-79.4000493,Kupfert & Kim,43.64794381005563,-79.39612137378384,Vegetarian / Vegan Restaurant
695,M5K,43.6532057,-79.4000493,DAVIDsTEA,43.64969837615772,-79.39244396915564,Tea Room
696,M5K,43.6532057,-79.4000493,Arepa Cafe,43.64784655479944,-79.40092457183587,Arepa Restaurant
697,M5K,43.6532057,-79.4000493,Provo Food Bar,43.654293123974384,-79.39178769369552,Tapas Restaurant
698,M5K,43.6532057,-79.4000493,Swipe Books on Advertising & Design,43.64815607248922,-79.3940703226255,Bookstore
699,M5K,43.6532057,-79.4000493,The Hideout,43.65655707458983,-79.4071272909934,Bar
700,M5K,43.6532057,-79.4000493,Bathurst Local,43.651527895422575,-79.40583615714475,Bar
701,M5K,43.6532057,-79.4000493,Sheherzade,43.656658800835054,-79.40696895427777,Persian Restaurant
702,M5L,43.66900510000001,-79.4422593,The Greater Good Bar,43.669409,-79.439267,Bar
703,M5L,43.66900510000001,-79.4422593,Parallel,43.66951635632503,-79.43872770646192,Middle Eastern Restaurant
704,M5L,43.66900510000001,-79.4422593,Blood Brothers Brewing,43.66994369492681,-79.43653285503387,Brewery
705,M5L,43.66900510000001,-79.4422593,Balzac’s Coffee,43.670042,-79.448342,Coffee Shop
706,M5L,43.66900510000001,-79.4422593,Planet Fitness,43.66758797288865,-79.44257365441428,Gym / Fitness Center
707,M5L,43.66900510000001,-79.4422593,FreshCo,43.66791838591585,-79.44075425394298,Grocery Store
708,M5L,43.66900510000001,-79.4422593,Happy Bakery & Pastries,43.66705039063128,-79.44179124412831,Bakery
709,M5L,43.66900510000001,-79.4422593,Hale Coffee,43.665531698018086,-79.44994926452637,Coffee Shop
710,M5L,43.66900510000001,-79.4422593,Rehearsal Factory,43.66887675155326,-79.44360330056674,Music Venue
711,M5L,43.66900510000001,-79.4422593,Nova Era Bakery,43.66988647609785,-79.43758190821525,Bakery
712,M5L,43.66900510000001,-79.4422593,Piri-Piri Churrasqueira,43.66624777557027,-79.44984237455147,Portuguese Restaurant
713,M5L,43.66900510000001,-79.4422593,Wallace Espresso,43.66236728741229,-79.4442272516029,Coffee Shop
714,M5L,43.66900510000001,-79.4422593,The Sovereign,43.673115708192206,-79.44026498681781,Café
715,M5L,43.66900510000001,-79.4422593,Boo Radley's Junction Bar and Grill,43.666110374762674,-79.45017005861318,Bar
716,M5L,43.66900510000001,-79.4422593,Famiglia Baldassarre,43.670388,-79.434999,Italian Restaurant
717,M5L,43.66900510000001,-79.4422593,Donna’s,43.662581,-79.444593,Diner
718,M5L,43.66900510000001,-79.4422593,Cantanhede O Bairradino,43.66254634403038,-79.4446564259842,Portuguese Restaurant
719,M5L,43.66900510000001,-79.4422593,Dovercourt Park,43.664915496359505,-79.43412931213085,Park
720,M5L,43.66900510000001,-79.4422593,Dark Horse Espresso Bar,43.67046758917436,-79.43487827252835,Coffee Shop
721,M5L,43.66900510000001,-79.4422593,Dollarama,43.665296,-79.446215,Discount Store
722,M5L,43.66900510000001,-79.4422593,Food Basics,43.6668856311364,-79.44669127467023,Supermarket
723,M5L,43.66900510000001,-79.4422593,Campbell Park,43.66371788764777,-79.44836107862439,Park
724,M5L,43.66900510000001,-79.4422593,TD Canada Trust,43.6679341,-79.4416984,Bank
725,M5L,43.66900510000001,-79.4422593,Boulderz Climbing Centre,43.666857152868026,-79.44950780358212,Gym
726,M5L,43.66900510000001,-79.4422593,Shoppers Drug Mart,43.666745,-79.447446,Pharmacy
727,M5L,43.66900510000001,-79.4422593,Rexall,43.667504,-79.442086,Pharmacy
728,M5L,43.66900510000001,-79.4422593,Wallace Emerson Park,43.66693250395496,-79.4394486237563,Park
729,M5L,43.66900510000001,-79.4422593,Earlscourt Park Off-Leash Area,43.671952771572506,-79.44922904751769,Dog Run
730,M5L,43.66900510000001,-79.4422593,The Beer Store,43.6662561,-79.4510532,Beer Store
731,M5L,43.66900510000001,-79.4422593,Foundry Lofts - Gym,43.67086464695007,-79.44843571171634,Gym
732,M5L,43.66900510000001,-79.4422593,Pepper's Café,43.662309899548795,-79.44461131976689,Café
733,M5L,43.66900510000001,-79.4422593,Davenport Village Park,43.67108887242099,-79.44899293998914,Park
734,M5L,43.66900510000001,-79.4422593,Knockout Ice Cream,43.670717,-79.434551,Ice Cream Shop
735,M5L,43.66900510000001,-79.4422593,Salem Smoke Shop,43.67398524055055,-79.43731104476372,Smoke Shop
736,M5L,43.66900510000001,-79.4422593,Album Studio and Equipment Rentals,43.67067317592449,-79.43349123001099,Camera Store
737,M5L,43.66900510000001,-79.4422593,Total Cleanse,43.66951686682728,-79.43276166915894,Juice Bar
738,M5L,43.66900510000001,-79.4422593,FilmPlus,43.66614871581859,-79.45127230485116,Hobby Shop
739,M5L,43.66900510000001,-79.4422593,Paris Bakery,43.66234671167936,-79.44460148449033,Bakery
740,M5N,43.6509432,-79.55472440000001,State & Main Kitchen & Bar,43.645778373222065,-79.5603738581396,Restaurant
741,M5N,43.6509432,-79.55472440000001,TD Canada Trust,43.64550170005129,-79.5600064576721,Bank
742,M5N,43.6509432,-79.55472440000001,Pizza Pizza,43.648754693274114,-79.54872638036836,Pizza Place
743,M5N,43.6509432,-79.55472440000001,GoodLife Fitness Etobicoke East Mall and Burnhamthorpe,43.645403,-79.559604,Gym
744,M5N,43.6509432,-79.55472440000001,Pizza Nova,43.649092,-79.549,Pizza Place
745,M5N,43.6509432,-79.55472440000001,Video 99 Variety,43.65192425958664,-79.56231855796344,Convenience Store
746,M5N,43.6509432,-79.55472440000001,Burnhamthorpe Adult Learning Centre,43.648356198695225,-79.56209729688265,Theater
747,M5N,43.6509432,-79.55472440000001,barBURRITO,43.64571,-79.560135,Mexican Restaurant
748,M5N,43.6509432,-79.55472440000001,Hampton Inn by Hilton,43.65619274840501,-79.56016965363763,Hotel
749,M5N,43.6509432,-79.55472440000001,My Daily Grind,43.6501403,-79.54566030000001,Coffee Shop
750,M5N,43.6509432,-79.55472440000001,Delimark Cafe,43.64711641979496,-79.56299028007844,Café
751,M6G,43.6795571,-79.352188,Pantheon,43.67762124481265,-79.35143390043564,Greek Restaurant
752,M6G,43.6795571,-79.352188,Cafe Fiorentina,43.677743,-79.350115,Italian Restaurant
753,M6G,43.6795571,-79.352188,Mezes,43.6779622615441,-79.35019606997218,Greek Restaurant
754,M6G,43.6795571,-79.352188,MenEssentials,43.677820068604575,-79.35126543045044,Cosmetics Shop
755,M6G,43.6795571,-79.352188,Dolce Gelato,43.677772998450614,-79.35118737317053,Ice Cream Shop
756,M6G,43.6795571,-79.352188,Louis Cifer Brew Works,43.677662745359996,-79.3513125762371,Brewery
757,M6G,43.6795571,-79.352188,Moksha Yoga Danforth,43.67762174479883,-79.3521159367257,Yoga Studio
758,M6G,43.6795571,-79.352188,Messini Authentic Gyros,43.677827494513096,-79.35056873157725,Greek Restaurant
759,M6G,43.6795571,-79.352188,La Diperie,43.67753,-79.352295,Ice Cream Shop
760,M6G,43.6795571,-79.352188,The Auld Spot Pub,43.67733505610778,-79.35312964755529,Pub
761,M6G,43.6795571,-79.352188,Pizzeria Libretto,43.678488633358,-79.34757579277853,Pizza Place
762,M6G,43.6795571,-79.352188,7 Numbers,43.677061774959824,-79.35393428891682,Italian Restaurant
763,M6G,43.6795571,-79.352188,Re: Reading,43.678506570428084,-79.34767758382526,Bookstore
764,M6G,43.6795571,-79.352188,Valley Farm Produce,43.677999294687275,-79.3499690927287,Fruit & Vegetable Store
765,M6G,43.6795571,-79.352188,Urban Nails,43.676667789021906,-79.35660190332753,Spa
766,M6G,43.6795571,-79.352188,Rikkochez,43.677267,-79.353274,Restaurant
767,M6G,43.6795571,-79.352188,The Big Carrot Organic Juice Bar,43.677438,-79.352683,Juice Bar
768,M6G,43.6795571,-79.352188,Caffé Demetre,43.67768266377745,-79.35160842812537,Dessert Shop
769,M6G,43.6795571,-79.352188,Don Valley Trail,43.67633091997674,-79.35392333297455,Trail
770,M6G,43.6795571,-79.352188,The Danforth Music Hall,43.676338261234214,-79.35707059920209,Concert Hall
771,M6G,43.6795571,-79.352188,Tsaa Tea Shop,43.67776898684133,-79.35130446081268,Bubble Tea Shop
772,M6G,43.6795571,-79.352188,Withrow Park,43.67489949057737,-79.34843681570193,Park
773,M6G,43.6795571,-79.352188,Serano Bakery,43.683139418786745,-79.34653122970155,Bakery
774,M6G,43.6795571,-79.352188,Christina's On The Danforth,43.678239784878826,-79.34918494943804,Greek Restaurant
775,M6G,43.6795571,-79.352188,Athen's Pastries,43.67816589533113,-79.34892679522846,Greek Restaurant
776,M6G,43.6795571,-79.352188,Bulk Barn,43.67678989740336,-79.35586511284247,Grocery Store
777,M6G,43.6795571,-79.352188,Alexandros,43.67830448799868,-79.34948556208978,Greek Restaurant
778,M6G,43.6795571,-79.352188,Dough Bakeshop,43.67664308520287,-79.35684634585105,Bakery
779,M6G,43.6795571,-79.352188,Tapas at Embrujo,43.67617503951251,-79.35841083526611,Tapas Restaurant
780,M6G,43.6795571,-79.352188,IQ Living,43.678477,-79.347811,Furniture / Home Store
781,M6G,43.6795571,-79.352188,Sidebar,43.676441,-79.356745,Cocktail Bar
782,M6G,43.6795571,-79.352188,Detroit Eatery,43.67759437002395,-79.35176144372598,Diner
783,M6G,43.6795571,-79.352188,Marvel Coffee Co.,43.678629530863844,-79.34746013725268,Coffee Shop
784,M6G,43.6795571,-79.352188,Astoria Shish Kebob House,43.677596,-79.351738,Greek Restaurant
785,M6G,43.6795571,-79.352188,Greenwood Smokehouse BBQ,43.679023116774175,-79.34437939575473,BBQ Joint
786,M6G,43.6795571,-79.352188,Leonidas Chocolates Cafe,43.67811808012494,-79.34948504099059,Café
787,M6G,43.6795571,-79.352188,Broadview Espresso,43.67836631426999,-79.35836661201425,Café
788,M6G,43.6795571,-79.352188,Simone's Caribbean Restaurant,43.67865547474292,-79.34658157954753,Caribbean Restaurant
789,M6G,43.6795571,-79.352188,The Old Nick,43.67634350317935,-79.3577749231676,Pub
790,M6G,43.6795571,-79.352188,Athens Restaurant & Bar,43.679158774155724,-79.34365960911909,Greek Restaurant
791,M6G,43.6795571,-79.352188,Mambo Lounge,43.676514618632446,-79.35820185974248,Cuban Restaurant
792,M6G,43.6795571,-79.352188,Allen's,43.67644563314147,-79.3573034983213,Burger Joint
793,M6G,43.6795571,-79.352188,Joy of Dance Studios,43.676230731425775,-79.35841548937343,Dance Studio
794,M6G,43.6795571,-79.352188,808 Social,43.682224,-79.34634,Café
795,M6G,43.6795571,-79.352188,Small Wonders Pet Emporium,43.67649384673413,-79.35761244096778,Pet Store
796,M6G,43.6795571,-79.352188,Kalyvia,43.6779727,-79.3512077,Greek Restaurant
797,M6G,43.6795571,-79.352188,Withrow Park Off Leash Dog Park,43.67401899043838,-79.34676402450275,Dog Run
798,M6G,43.6795571,-79.352188,Factory Girl,43.67669287762859,-79.35629876225282,American Restaurant
799,M6G,43.6795571,-79.352188,Cafe Frappe,43.67812618087551,-79.34843379217203,Coffee Shop
800,M6G,43.6795571,-79.352188,Von Doughnuts,43.67919504981879,-79.34340383066859,Donut Shop
801,M6G,43.6795571,-79.352188,Menchie's,43.67830909198205,-79.34810528402672,Frozen Yogurt Shop
802,M6G,43.6795571,-79.352188,IL FORNELLO on Danforth,43.67860392856738,-79.34690364849348,Italian Restaurant
803,M6G,43.6795571,-79.352188,Ryus Noodle Bar,43.67708634637724,-79.35889401670757,Ramen Restaurant
804,M6G,43.6795571,-79.352188,Sher-E-Punjab,43.67730788939673,-79.35306551709385,Indian Restaurant
805,M6G,43.6795571,-79.352188,LCBO,43.676815838008714,-79.35604671347544,Liquor Store
806,M6G,43.6795571,-79.352188,Centennial College - Story Arts Centre,43.684873888059535,-79.34914033668834,Business Service
807,M6G,43.6795571,-79.352188,Dora Keogh,43.676417604443785,-79.35738039821362,Pub
808,M6G,43.6795571,-79.352188,Yoga Sanctuary Danforth,43.67630095496335,-79.35850814764251,Yoga Studio
809,M6G,43.6795571,-79.352188,Bar Oak,43.67793098663968,-79.34872380466781,Lounge
810,M6G,43.6795571,-79.352188,Sushi Friends,43.67761413097764,-79.35164084535384,Japanese Restaurant
811,M6G,43.6795571,-79.352188,Book City,43.67741319707514,-79.3527341009978,Bookstore
812,M6G,43.6795571,-79.352188,New York Cafe,43.676012649330566,-79.35871462526285,Breakfast Spot
813,M6G,43.6795571,-79.352188,A&W,43.679103,-79.344777,Fast Food Restaurant
814,M6G,43.6795571,-79.352188,Zorba Mezedes,43.67902521548041,-79.3441624965493,Greek Restaurant
815,M6G,43.6795571,-79.352188,Akropolis Pastries,43.67935311694436,-79.34353644717321,Greek Restaurant
816,M6G,43.6795571,-79.352188,The Edmund Burke,43.6763359014796,-79.35813080190033,Pub
817,M6G,43.6795571,-79.352188,Kitchen Stuff Plus,43.67861256318158,-79.34642163596001,Furniture / Home Store
818,M6G,43.6795571,-79.352188,Goat Coffee Co.,43.68447714502223,-79.3468360903566,Café
819,M6G,43.6795571,-79.352188,Starbucks,43.67641593011556,-79.35846606779026,Coffee Shop
820,M6G,43.6795571,-79.352188,The Olde Eton House,43.679378999889686,-79.3431888689723,Pub
821,M6G,43.6795571,-79.352188,Globe Bistro,43.67667960122584,-79.35815459032536,New American Restaurant
822,M6G,43.6795571,-79.352188,Dollarama,43.678951,-79.343871,Discount Store
823,M6G,43.6795571,-79.352188,Rodeo Brazilian Steakhouse,43.67630952807762,-79.35818773677713,Churrascaria
824,M6G,43.6795571,-79.352188,Off the Hook,43.67584152423268,-79.35854660419362,Fish & Chips Shop
825,M6G,43.6795571,-79.352188,Si Espresso Bar,43.675749,-79.358572,Coffee Shop
826,M6G,43.6795571,-79.352188,Bar Hop Session,43.679214,-79.34345,Beer Bar
827,M6G,43.6795571,-79.352188,Shoppers Drug Mart,43.679373,-79.342316,Pharmacy
828,M6G,43.6795571,-79.352188,TD Canada Trust,43.6780001,-79.3583614,Bank
829,M6G,43.6795571,-79.352188,Nando's,43.678835,-79.34461444,Portuguese Restaurant
830,M6G,43.6795571,-79.352188,Subway,43.67889168995495,-79.344366438149,Sandwich Place
831,M6G,43.6795571,-79.352188,Allure Body Bar,43.67930961860643,-79.34290082858878,Spa
832,M6G,43.6795571,-79.352188,Dollarama,43.686197,-79.355989,Discount Store
833,M6G,43.6795571,-79.352188,Ali Baba's,43.67637721694004,-79.35808851148246,Falafel Restaurant
834,M6G,43.6795571,-79.352188,A&W,43.6759,-79.35884,Fast Food Restaurant
835,M6G,43.6795571,-79.352188,Number One Chinese Restaurant,43.684585940432,-79.34690952301025,Chinese Restaurant
836,M6G,43.6795571,-79.352188,Starbucks,43.678879,-79.346357,Coffee Shop
837,M6G,43.6795571,-79.352188,Pizza Pizza,43.67612903295256,-79.358918424401,Pizza Place
838,M6G,43.6795571,-79.352188,KFC,43.6843,-79.347,Fast Food Restaurant
839,M6G,43.6795571,-79.352188,Tim Hortons,43.679887900037855,-79.34502475778572,Coffee Shop
840,M6G,43.6795571,-79.352188,Foodland - Toronto,43.67865,-79.345674,Grocery Store
841,M6G,43.6795571,-79.352188,New Balance,43.67874731748649,-79.34589833021164,Sporting Goods Shop
842,M6G,43.6795571,-79.352188,Bite Me Grill,43.679368984751534,-79.34294454514556,Breakfast Spot
843,M6G,43.6795571,-79.352188,The Forth,43.67879168427029,-79.34555399866024,Mediterranean Restaurant
844,M6G,43.6795571,-79.352188,Popeye's Supplements,43.678895771869136,-79.34538681026845,Supplement Shop
845,M6G,43.6795571,-79.352188,Fresh Express Fine Foods,43.6797511380774,-79.34514111690338,Fruit & Vegetable Store
846,M6G,43.6795571,-79.352188,RBC Royal Bank,43.67904050921775,-79.3450772974745,Bank
847,M6G,43.6795571,-79.352188,Bad Dog Theatre,43.67643177509308,-79.35795,Theater
848,M6G,43.6795571,-79.352188,Pape Subway Station,43.68008150775497,-79.34495449476272,Metro Station
849,M6G,43.6795571,-79.352188,Broadview & Danforth,43.67672858152262,-79.35867518565351,Intersection
850,M6G,43.6795571,-79.352188,Souv Like,43.67938351758585,-79.34423167929667,Souvlaki Shop
851,M6H,43.6795626,-79.37752940000001,Summerhill Market,43.68626482142425,-79.37545823237794,Grocery Store
852,M6H,43.6795626,-79.37752940000001,Craigleigh Gardens,43.67809940868806,-79.37158584594727,Park
853,M6H,43.6795626,-79.37752940000001,TD Canada Trust,43.6724839,-79.3771616,Bank
854,M6H,43.6795626,-79.37752940000001,Rosedale Park,43.68232820227814,-79.37893434347683,Playground
855,M6H,43.6795626,-79.37752940000001,Whitney Park,43.68203573063681,-79.37378835021306,Park
856,M6H,43.6795626,-79.37752940000001,Alex Murray Parkette,43.678300240478954,-79.38277328698108,Park
857,M6H,43.6795626,-79.37752940000001,Milkman's Lane,43.676352068015554,-79.37384239440172,Trail
858,M6H,43.6795626,-79.37752940000001,Rosedale Valley,43.67312234445557,-79.37693832987506,Trail
859,M6H,43.6795626,-79.37752940000001,Scoops Convenience Boutique,43.68614765691369,-79.37582783178843,Candy Store
860,M6J,43.6408157,-79.38175229999999,Harbourfront,43.639525632239106,-79.38068838052389,Neighborhood
861,M6J,43.6408157,-79.38175229999999,Roundhouse Park,43.64174513889102,-79.38427882922346,Park
862,M6J,43.6408157,-79.38175229999999,iQ Food Co,43.642851,-79.382081,Salad Place
863,M6J,43.6408157,-79.38175229999999,Real Sports Apparel,43.64285984835777,-79.38018363195047,Sporting Goods Shop
864,M6J,43.6408157,-79.38175229999999,Lake Ontario,43.63894493157648,-79.37966465950012,Lake
865,M6J,43.6408157,-79.38175229999999,Harbourfront Centre,43.63855578926675,-79.38319016270458,Performing Arts Venue
866,M6J,43.6408157,-79.38175229999999,Delta Hotels by Marriott Toronto,43.6428819,-79.3839491,Hotel
867,M6J,43.6408157,-79.38175229999999,Natrel Pond/Rink,43.6384313677662,-79.38252754335107,Skating Rink
868,M6J,43.6408157,-79.38175229999999,BeaverTails,43.639736,-79.380068,Dessert Shop
869,M6J,43.6408157,-79.38175229999999,Maple Leaf Square,43.64292522840183,-79.38089182467687,Plaza
870,M6J,43.6408157,-79.38175229999999,Longo's Maple Leaf Square,43.64251679604069,-79.38139301653129,Supermarket
871,M6J,43.6408157,-79.38175229999999,Harbour Square Park,43.63925269130776,-79.37839547902978,Park
872,M6J,43.6408157,-79.38175229999999,Miku,43.64137436,-79.37753063,Japanese Restaurant
873,M6J,43.6408157,-79.38175229999999,Boxcar Social,43.63831906511549,-79.38246311921247,Café
874,M6J,43.6408157,-79.38175229999999,Scotiabank Arena,43.64344617535107,-79.37903988889991,Basketball Stadium
875,M6J,43.6408157,-79.38175229999999,Ripley's Aquarium of Canada,43.642104321965796,-79.38625159146146,Aquarium
876,M6J,43.6408157,-79.38175229999999,Air Canada Club,43.643224100030416,-79.37915938219528,Lounge
877,M6J,43.6408157,-79.38175229999999,Sharetea,43.640175967763966,-79.37960567018246,Bubble Tea Shop
878,M6J,43.6408157,-79.38175229999999,Lick It Gelato,43.63925633222479,-79.38464951914256,Ice Cream Shop
879,M6J,43.6408157,-79.38175229999999,Pearl Harbourfront,43.63815654013541,-79.38068763743328,Chinese Restaurant
880,M6J,43.6408157,-79.38175229999999,Ontario Square,43.63937829745867,-79.38209598496967,Plaza
881,M6J,43.6408157,-79.38175229999999,Union Pearson Express,43.64436200658875,-79.38319927907953,Train Station
882,M6J,43.6408157,-79.38175229999999,The Power Plant,43.63827200397285,-79.38199390946676,Art Gallery
883,M6J,43.6408157,-79.38175229999999,TELUS,43.64331243103257,-79.38099939294844,IT Services
884,M6J,43.6408157,-79.38175229999999,Steam Whistle Brewing,43.641751628677554,-79.38708862583252,Brewery
885,M6J,43.6408157,-79.38175229999999,Fleck Dance Theater,43.638300366812686,-79.3804699399247,Dance Studio
886,M6J,43.6408157,-79.38175229999999,Mos Mos,43.64163954520267,-79.3775517786762,Coffee Shop
887,M6J,43.6408157,-79.38175229999999,RS - Real Sports,43.64255846521551,-79.37996506690979,Sports Bar
888,M6J,43.6408157,-79.38175229999999,Delta Toronto Club Lounge,43.64308454373067,-79.38388489051405,Roof Deck
889,M6J,43.6408157,-79.38175229999999,Le Germain Hotel,43.64312502979691,-79.38091770864038,Hotel
890,M6J,43.6408157,-79.38175229999999,PawsWay,43.63859915782706,-79.38499178154079,Event Space
891,M6J,43.6408157,-79.38175229999999,Sky Pod,43.64256148814412,-79.38703777833165,Scenic Lookout
892,M6J,43.6408157,-79.38175229999999,CN Tower,43.642535570189125,-79.38718187733883,Monument / Landmark
893,M6J,43.6408157,-79.38175229999999,WVRST,43.64496809087762,-79.38137631843854,Beer Bar
894,M6J,43.6408157,-79.38175229999999,Rogers Centre,43.64175329733295,-79.38714957057036,Baseball Stadium
895,M6J,43.6408157,-79.38175229999999,Ray Bay,43.642323,-79.38593,Aquarium
896,M6J,43.6408157,-79.38175229999999,Balzac's Coffee,43.644372584148364,-79.38306470027423,Coffee Shop
897,M6J,43.6408157,-79.38175229999999,Pilot Coffee Roasters,43.64501814464698,-79.3804150931199,Coffee Shop
898,M6J,43.6408157,-79.38175229999999,The Fairmont Royal York,43.64544914616651,-79.3815076529019,Hotel
899,M6J,43.6408157,-79.38175229999999,Joe Bird,43.6382035241723,-79.38035466343936,Fried Chicken Joint
900,M6J,43.6408157,-79.38175229999999,Amsterdam Brewhouse,43.63812210550607,-79.38480300808894,Brewery
901,M6J,43.6408157,-79.38175229999999,HTO Park,43.63794857171933,-79.38781965601113,Park
902,M6J,43.6408157,-79.38175229999999,WestJet Flight Deck,43.641038,-79.389092,Baseball Stadium
903,M6J,43.6408157,-79.38175229999999,Lavazza Espression,43.63953746292591,-79.38176322686563,Coffee Shop
904,M6J,43.6408157,-79.38175229999999,Labatt Breweries of Canada,43.63828189167837,-79.38037771487727,Brewery
905,M6J,43.6408157,-79.38175229999999,Pie Bar,43.63817355603517,-79.38054644461133,Pizza Place
906,M6J,43.6408157,-79.38175229999999,Gonoe Sushi Japanese Restaurant,43.63901430970685,-79.38591360078077,Sushi Restaurant
907,M6J,43.6408157,-79.38175229999999,The Ritz-Carlton,43.645330157595886,-79.38708901405334,Hotel
908,M6J,43.6408157,-79.38175229999999,Kupfert & Kim,43.64117858582677,-79.37814448224783,Vegetarian / Vegan Restaurant
909,M6J,43.6408157,-79.38175229999999,Harbour 60 Toronto,43.64222021431867,-79.37794459004243,Steakhouse
910,M6J,43.6408157,-79.38175229999999,"The Westin Harbour Castle, Toronto",43.64121139206991,-79.37574863433838,Hotel
911,M6J,43.6408157,-79.38175229999999,Subway,43.6397080530486,-79.38344130418051,Sandwich Place
912,M6J,43.6408157,-79.38175229999999,Spa My Blend by Clarins,43.645359,-79.387128,Spa
913,M6J,43.6408157,-79.38175229999999,TOCA,43.64543117726125,-79.38705858895491,Italian Restaurant
914,M6J,43.6408157,-79.38175229999999,DAVIDsTEA,43.64650585612388,-79.38014477491379,Tea Room
915,M6J,43.6408157,-79.38175229999999,Y Yoga,43.638533613620204,-79.38915754933562,Yoga Studio
916,M6J,43.6408157,-79.38175229999999,Tim Hortons,43.6387246,-79.3863403,Coffee Shop
917,M6J,43.6408157,-79.38175229999999,Roy Thomson Hall,43.6465886970634,-79.38597899374354,Concert Hall
918,M6J,43.6408157,-79.38175229999999,Canoe,43.647452066183476,-79.38132001815676,Restaurant
919,M6J,43.6408157,-79.38175229999999,Hockey Hall Of Fame (Hockey Hall of Fame),43.646974451431056,-79.37732323942681,Museum
920,M6J,43.6408157,-79.38175229999999,Walrus Pub & Beer Hall,43.64737470920577,-79.37951515363918,Pub
921,M6J,43.6408157,-79.38175229999999,Radisson Admiral Hotel Toronto-Harbourfront,43.6388472,-79.3855839,Hotel
922,M6J,43.6408157,-79.38175229999999,Olly Fresco's,43.646912231909276,-79.37959661696463,Deli / Bodega
923,M6J,43.6408157,-79.38175229999999,Chotto Matte,43.646473,-79.378782,Japanese Restaurant
924,M6J,43.6408157,-79.38175229999999,LCBO,43.64294379917171,-79.37243989044406,Liquor Store
925,M6J,43.6408157,-79.38175229999999,Harbourfront Wavedecks,43.6389104293985,-79.38485064893273,Scenic Lookout
926,M6J,43.6408157,-79.38175229999999,Ki Modern Japanese + Bar,43.647167,-79.379608,Japanese Restaurant
927,M6J,43.6408157,-79.38175229999999,Queens Quay / Lakeshore Trail,43.637473953249064,-79.38939209154272,Track
928,M6J,43.6408157,-79.38175229999999,Superclub,43.63976132108351,-79.39114334001921,Gym
929,M6J,43.6408157,-79.38175229999999,World Café at Harbourfront Centre,43.63834730048568,-79.383045755058,Café
930,M6J,43.6408157,-79.38175229999999,Loch & Quay,43.638267,-79.390187,Seafood Restaurant
931,M6J,43.6408157,-79.38175229999999,Crossfit 416,43.63819496273582,-79.39069572966437,Gym
932,M6J,43.6408157,-79.38175229999999,Starbucks,43.647261,-79.378599,Coffee Shop
933,M6J,43.6408157,-79.38175229999999,Meridian Hall,43.646292124205594,-79.37602179505662,Concert Hall
934,M6J,43.6408157,-79.38175229999999,Alexandro's World Famous Gyros,43.6416627086796,-79.3752137736969,Greek Restaurant
935,M6J,43.6408157,-79.38175229999999,Enwave Theatre,43.63863608843057,-79.38229942602973,Theater
936,M6J,43.6408157,-79.38175229999999,Indian Roti House,43.63906038875002,-79.38542224544638,Indian Restaurant
937,M6J,43.6408157,-79.38175229999999,Brookfield Place,43.646790641203026,-79.37876938530562,Shopping Mall
938,M6J,43.6408157,-79.38175229999999,Tim Hortons,43.63882773618699,-79.38037276268005,Coffee Shop
939,M6J,43.6408157,-79.38175229999999,Redpath Stage,43.63876358449261,-79.38331731184844,Music Venue
940,M6J,43.6408157,-79.38175229999999,Petit Four Bakery,43.647743692587085,-79.37958814250598,Sandwich Place
941,M6J,43.6408157,-79.38175229999999,WestJet Stage,43.63802210524934,-79.38353594515505,Music Venue
942,M6J,43.6408157,-79.38175229999999,Tim Hortons,43.646255967524645,-79.37957346439356,Coffee Shop
943,M6J,43.6408157,-79.38175229999999,Spirit of Hockey,43.64704692224217,-79.37753727586353,Sporting Goods Shop
944,M6J,43.6408157,-79.38175229999999,Pizzaiolo,43.63911334934392,-79.38726583483393,Pizza Place
945,M6J,43.6408157,-79.38175229999999,Rabba Fine Foods,43.63906132458212,-79.38530912453628,Convenience Store
946,M6J,43.6408157,-79.38175229999999,iQ Food Co,43.64748168603231,-79.37910417362639,Fast Food Restaurant
947,M6J,43.6408157,-79.38175229999999,The Goodman Pub & Kitchen,43.638300916387905,-79.38000753984343,Restaurant
948,M6J,43.6408157,-79.38175229999999,The Beer Store,43.638502,-79.3890935,Beer Store
949,M6J,43.6408157,-79.38175229999999,Sobeys Urban Fresh Queens Quay,43.638769,-79.380756,Grocery Store
950,M6J,43.6408157,-79.38175229999999,Starbucks,43.638837475031316,-79.38518649083973,Coffee Shop
951,M6J,43.6408157,-79.38175229999999,Spice Thai,43.63940652819094,-79.38445898645135,Thai Restaurant
952,M6J,43.6408157,-79.38175229999999,Mariposa Cruises,43.63921207797641,-79.37978267669678,Boat or Ferry
953,M6J,43.6408157,-79.38175229999999,Toronto Island Marina Tender Boat,43.639068296445174,-79.37974813282123,Boat or Ferry
954,M6J,43.6408157,-79.38175229999999,WIND Mobile,43.63837868624732,-79.3801162083992,Electronics Store
955,M6J,43.6408157,-79.38175229999999,The Pub at Labatt,43.63829813682531,-79.3802683480153,Bar
956,M6J,43.6408157,-79.38175229999999,Pumpernickel's Deli,43.638162,-79.380339,Food Court
957,M6J,43.6408157,-79.38175229999999,Captain Matthew Flinders Cruise Ship,43.63820663662973,-79.37962166602756,Boat or Ferry
958,M6J,43.6408157,-79.38175229999999,Northern Spirit,43.63808714114372,-79.37986360235158,Boat or Ferry
959,M6J,43.6408157,-79.38175229999999,Water Taxi,43.63791564434246,-79.37964915882348,Boat or Ferry
960,M6K,43.6289467,-79.3944199,Billy Bishop Toronto City Airport (YTZ) (Billy Bishop Toronto City Airport),43.63168259661481,-79.3960334124689,Airport
961,M6K,43.6289467,-79.3944199,Toronto Harbour,43.63304549594827,-79.39648421332333,Harbor / Marina
962,M6K,43.6289467,-79.3944199,Porter Lounge,43.63068,-79.395756,Airport Lounge
963,M6K,43.6289467,-79.3944199,The National Yacht Club,43.63175446630469,-79.4021854808,Harbor / Marina
964,M6K,43.6289467,-79.3944199,Ireland Park,43.63482518211738,-79.39560104255165,Sculpture Garden
965,M6K,43.6289467,-79.3944199,Little Norway Park,43.634871416753256,-79.39847430789386,Park
966,M6K,43.6289467,-79.3944199,Aroma Espresso Bar,43.633702,-79.397748,Coffee Shop
967,M6K,43.6289467,-79.3944199,Billy Bishop Airport Tunnel,43.63409654411113,-79.39724354414479,Tunnel
968,M6K,43.6289467,-79.3944199,Billy Bishop Café,43.63113165872724,-79.39613873448842,Airport Food Court
969,M6K,43.6289467,-79.3944199,Bestival Toronto,43.62314011248519,-79.39110744527768,Music Venue
970,M6K,43.6289467,-79.3944199,Air Canada Check-In Counter,43.631225969080035,-79.3959873701636,Airport Terminal
971,M6K,43.6289467,-79.3944199,Gate 8,43.63153617968721,-79.39456989797382,Airport Gate
972,M6K,43.6289467,-79.3944199,Crew Room,43.63135993598351,-79.39610738952823,Airport Lounge
973,M6K,43.6289467,-79.3944199,Market@416,43.631653,-79.39451,Bar
974,M6K,43.6289467,-79.3944199,Porter Airlines Flight,43.63173361240356,-79.39458203868975,Plane
975,M6K,43.6289467,-79.3944199,Want Passport,43.63148266310702,-79.39607739313684,Boutique
976,M6K,43.6289467,-79.3944199,Porter Airlines Check-In Counter,43.631683,-79.395454,Airport Service
977,M6K,43.6289467,-79.3944199,HeliTours,43.63070559837703,-79.39876017431267,Airport Service
978,M6K,43.6289467,-79.3944199,ORNGE - Toronto Air Base,43.63166229946016,-79.39816647981402,Airport Service
979,M6K,43.6289467,-79.3944199,Edward Hanlan Statue,43.62772066806761,-79.38927421473466,Sculpture Garden
980,M6K,43.6289467,-79.3944199,Hanlan's Point Ferry,43.62781263197712,-79.38910853273904,Boat or Ferry
981,M6K,43.6289467,-79.3944199,Billy Bishop Toronto City Airport Ferry,43.63366211876907,-79.39700647985724,Boat or Ferry
982,M6K,43.6289467,-79.3944199,Porter Airline Passenger Pickup,43.634424624383946,-79.39685427385066,Airport Terminal
983,M6K,43.6289467,-79.3944199,Alexandra Yacht Club,43.633259946796834,-79.4002634572436,Harbor / Marina
984,M6K,43.6289467,-79.3944199,National Car Rental,43.634657,-79.397142,Rental Car Location
985,M6K,43.6289467,-79.3944199,Enterprise Rent-A-Car,43.634651220991785,-79.39716470552253,Rental Car Location
986,M6K,43.6289467,-79.3944199,South Beach Marina Waterfront West Sidewalk,43.63376184637496,-79.40064732460816,Harbor / Marina
987,M6K,43.6289467,-79.3944199,Jubilee Queen,43.635857,-79.395472,Boat or Ferry
988,M6K,43.6289467,-79.3944199,Marina Quay West,43.635897912232124,-79.39499986074941,Harbor / Marina
989,M7A,43.7279292,-79.26202940000002,Giant Tiger,43.72744662939136,-79.26624035854763,Department Store
990,M7A,43.7279292,-79.26202940000002,Chung Moi,43.73232776751296,-79.26932737877392,Chinese Restaurant
991,M7A,43.7279292,-79.26202940000002,Dollarama,43.734902,-79.25974,Discount Store
992,M7A,43.7279292,-79.26202940000002,Tim Hortons,43.72689508691926,-79.26615692675114,Coffee Shop
993,M7A,43.7279292,-79.26202940000002,Subway,43.73147093707659,-79.26869157944776,Sandwich Place
994,M7A,43.7279292,-79.26202940000002,Tim Hortons,43.732134410174226,-79.2682641425723,Coffee Shop
995,M7A,43.7279292,-79.26202940000002,Shoppers Drug Mart,43.732843,-79.268075,Pharmacy
996,M7A,43.7279292,-79.26202940000002,TD Canada Trust,43.733135696904675,-79.2678938806074,Bank
997,M7A,43.7279292,-79.26202940000002,Bros. CONVENIENCE,43.72778143829621,-79.26570835903846,Convenience Store
998,M7A,43.7279292,-79.26202940000002,Kennedy Station Passenger Pickup,43.73200926072711,-79.26453709017373,Bus Station
999,M7A,43.7279292,-79.26202940000002,Kennedy GO Station,43.73227476873184,-79.26241750386065,Train Station
1000,M7A,43.7279292,-79.26202940000002,Kennedy Subway/RT Station,43.73258189986914,-79.26343026387866,Metro Station
1001,M7A,43.7279292,-79.26202940000002,Rob's No Frills,43.732606,-79.266706,Grocery Store
1002,M7A,43.7279292,-79.26202940000002,TTC Bus #43 - Kennedy,43.73274357839762,-79.26408564983338,Bus Line
1003,M7A,43.7279292,-79.26202940000002,SRT - Moving Target,43.732974036277405,-79.26378835866568,Light Rail Station
1004,M7A,43.7279292,-79.26202940000002,Country Style,43.731827756817204,-79.26791408691976,Coffee Shop
1005,M7A,43.7279292,-79.26202940000002,NAPA AUTOPRO - Car Court Auto Clinic,43.7337102,-79.2643688,Auto Garage
1006,M7A,43.7279292,-79.26202940000002,Fu Yao Supermarket,43.725053676622224,-79.25301949095291,Grocery Store
1007,M7A,43.7279292,-79.26202940000002,Kennedy Ave & Eglinton Ave E,43.73213901542009,-79.26837226470258,Intersection
1008,M7A,43.7279292,-79.26202940000002,McDonald's,43.72459080446646,-79.2534620917188,Fast Food Restaurant
1009,M7A,43.7279292,-79.26202940000002,Hertz,43.734092,-79.258352,Rental Car Location
